#
# There is insufficient memory for the Java Runtime Environment to continue.
# Native memory allocation (malloc) failed to allocate 569616 bytes. Error detail: Chunk::new
# Possible reasons:
#   The system is out of physical RAM or swap space
#   This process is running with CompressedOops enabled, and the Java Heap may be blocking the growth of the native heap
# Possible solutions:
#   Reduce memory load on the system
#   Increase physical memory or swap space
#   Check if swap backing store is full
#   Decrease Java heap size (-Xmx/-Xms)
#   Decrease number of Java threads
#   Decrease Java thread stack sizes (-Xss)
#   Set larger code cache with -XX:ReservedCodeCacheSize=
#   JVM is running with Unscaled Compressed Oops mode in which the Java heap is
#     placed in the first 4GB address space. The Java Heap base address is the
#     maximum limit for the native heap growth. Please use -XX:HeapBaseMinAddress
#     to set the Java Heap base and to place the Java Heap above 4GB virtual address.
# This output file may be truncated or incomplete.
#
#  Out of Memory Error (arena.cpp:168), pid=41772, tid=41588
#
# JRE version: OpenJDK Runtime Environment (21.0.8) (build 21.0.8+-14196175-b1038.72)
# Java VM: OpenJDK 64-Bit Server VM (21.0.8+-14196175-b1038.72, mixed mode, tiered, compressed oops, compressed class ptrs, g1 gc, windows-amd64)
# No core dump will be written. Minidumps are not enabled by default on client versions of Windows
#

---------------  S U M M A R Y ------------

Command Line: --add-opens=java.base/java.lang=ALL-UNNAMED --add-opens=java.base/java.lang.invoke=ALL-UNNAMED --add-opens=java.base/java.util=ALL-UNNAMED --add-opens=java.prefs/java.util.prefs=ALL-UNNAMED --add-exports=jdk.compiler/com.sun.tools.javac.api=ALL-UNNAMED --add-exports=jdk.compiler/com.sun.tools.javac.util=ALL-UNNAMED --add-opens=java.base/java.util=ALL-UNNAMED --add-opens=java.prefs/java.util.prefs=ALL-UNNAMED --add-opens=java.base/java.nio.charset=ALL-UNNAMED --add-opens=java.base/java.net=ALL-UNNAMED --add-opens=java.base/java.util.concurrent.atomic=ALL-UNNAMED --add-opens=java.xml/javax.xml.namespace=ALL-UNNAMED -Xmx2048m -Dfile.encoding=UTF-8 -Duser.country=BR -Duser.language=pt -Duser.variant -javaagent:C:\Users\elilt\.gradle\wrapper\dists\gradle-8.13-bin\5xuhj0ry160q40clulazy9h7d\gradle-8.13\lib\agents\gradle-instrumentation-agent-8.13.jar org.gradle.launcher.daemon.bootstrap.GradleDaemon 8.13

Host: Intel(R) Core(TM) i5-8265U CPU @ 1.60GHz, 8 cores, 15G,  Windows 10 , 64 bit Build 19041 (10.0.19041.5915)
Time: Sun Jun  7 16:03:29 2026 Hora oficial do Brasil elapsed time: 246.874140 seconds (0d 0h 4m 6s)

---------------  T H R E A D  ---------------

Current thread (0x000002046e6be760):  JavaThread "C2 CompilerThread0" daemon [_thread_in_native, id=41588, stack(0x000000a19e900000,0x000000a19ea00000) (1024K)]


Current CompileTask:
C2:246874 32575   !   4       java.io.ObjectOutputStream::writeOrdinaryObject (196 bytes)

Stack: [0x000000a19e900000,0x000000a19ea00000]
Native frames: (J=compiled Java code, j=interpreted, Vv=VM code, C=native code)
V  [jvm.dll+0x6d68d9]
V  [jvm.dll+0x866693]
V  [jvm.dll+0x868c4e]
V  [jvm.dll+0x869333]
V  [jvm.dll+0x280566]
V  [jvm.dll+0xc07cd]
V  [jvm.dll+0xc0d03]
V  [jvm.dll+0x2f5970]
V  [jvm.dll+0x5ff719]
V  [jvm.dll+0x252362]
V  [jvm.dll+0x24ac0a]
V  [jvm.dll+0x24871e]
V  [jvm.dll+0x1c73a4]
V  [jvm.dll+0x257f9e]
V  [jvm.dll+0x2564e6]
V  [jvm.dll+0x3f4696]
V  [jvm.dll+0x80eac8]
V  [jvm.dll+0x6d512d]
C  [ucrtbase.dll+0x21bb2]
C  [KERNEL32.DLL+0x17374]
C  [ntdll.dll+0x4cc91]


---------------  P R O C E S S  ---------------

Threads class SMR info:
_java_thread_list=0x000002047ff93e00, length=117, elements={
0x0000020456d91df0, 0x000002046e68fd50, 0x000002046e698910, 0x000002046e6928c0,
0x000002046e695300, 0x000002046e6bb8f0, 0x000002046e6bbf60, 0x000002046e6bc9c0,
0x000002046e6be760, 0x000002046e6bfa10, 0x000002046e97e890, 0x00000204748fcc60,
0x0000020474a16410, 0x0000020474972e90, 0x0000020474a403c0, 0x0000020474a40a50,
0x0000020474a410e0, 0x0000020475292ef0, 0x0000020475292860, 0x0000020475293580,
0x0000020475293c10, 0x0000020475294930, 0x0000020475294fc0, 0x0000020475295650,
0x0000020475295ce0, 0x000002047765ea00, 0x000002047765cfc0, 0x000002047765d650,
0x000002047e91a0b0, 0x00000204764eaed0, 0x00000204764ea1b0, 0x000002047764eb10,
0x0000020477650550, 0x0000020477651270, 0x000002047f95e2b0, 0x000002047f95e940,
0x000002047f95efd0, 0x0000020476665410, 0x000002047e84b310, 0x000002047e849240,
0x000002047f184cf0, 0x000002047f182c20, 0x000002047f185380, 0x000002047f183940,
0x000002047f181f00, 0x000002047e84b9a0, 0x000002047e8498d0, 0x000002047e848520,
0x000002047e849f60, 0x000002047e848bb0, 0x000002047fc822b0, 0x000002047fc81c20,
0x0000020476666630, 0x0000020476666cc0, 0x00000204097f0c00, 0x00000204097f0570,
0x00000204097f1290, 0x00000204097f1920, 0x00000204097ef850, 0x00000204097efee0,
0x00000204097f1fb0, 0x00000204097f2640, 0x00000204097f2cd0, 0x0000020409810360,
0x000002040980fcd0, 0x000002040980efb0, 0x0000020476661f90, 0x0000020476662620,
0x000002047fc82fd0, 0x000002047fc7fb50, 0x000002047fc81590, 0x000002047fc801e0,
0x000002047fc80870, 0x000002047fc80f00, 0x0000020408181090, 0x0000020408181db0,
0x0000020408aece10, 0x00000204098109f0, 0x000002047f1832b0, 0x000002047f183fd0,
0x000002047f184660, 0x000002040971dff0, 0x000002040971e680, 0x000002040971b890,
0x000002040971ed10, 0x000002040971c5b0, 0x0000020476662cb0, 0x00000204766639d0,
0x00000204766646f0, 0x000002040bc43cf0, 0x000002040bc44a10, 0x000002040bc41590,
0x000002040bc41c20, 0x000002040bc43660, 0x000002040bc422b0, 0x0000020408f2dad0,
0x0000020408f2ace0, 0x0000020408f292a0, 0x0000020408f2ba00, 0x0000020408f2c090,
0x0000020408f2c720, 0x0000020408f2cdb0, 0x000002047f961dc0, 0x0000020476664d80,
0x0000020477e85140, 0x0000020477e84ab0, 0x0000020477e85e60, 0x0000020477e857d0,
0x000002040b193bb0, 0x000002040b194240, 0x000002040b192e90, 0x000002040b193520,
0x000002040a35dbb0, 0x000002040a35d520, 0x000002040a35c800, 0x000002040a35ce90,
0x000002040ae8e5e0
}

Java Threads: ( => current thread )
  0x0000020456d91df0 JavaThread "main"                              [_thread_blocked, id=23396, stack(0x000000a19da00000,0x000000a19db00000) (1024K)]
  0x000002046e68fd50 JavaThread "Common-Cleaner"             daemon [_thread_blocked, id=41988, stack(0x000000a19e200000,0x000000a19e300000) (1024K)]
  0x000002046e698910 JavaThread "Reference Handler"          daemon [_thread_blocked, id=38088, stack(0x000000a19e300000,0x000000a19e400000) (1024K)]
  0x000002046e6928c0 JavaThread "Finalizer"                  daemon [_thread_blocked, id=36836, stack(0x000000a19e400000,0x000000a19e500000) (1024K)]
  0x000002046e695300 JavaThread "Signal Dispatcher"          daemon [_thread_blocked, id=25752, stack(0x000000a19e500000,0x000000a19e600000) (1024K)]
  0x000002046e6bb8f0 JavaThread "Attach Listener"            daemon [_thread_blocked, id=20208, stack(0x000000a19e600000,0x000000a19e700000) (1024K)]
  0x000002046e6bbf60 JavaThread "Service Thread"             daemon [_thread_blocked, id=33432, stack(0x000000a19e700000,0x000000a19e800000) (1024K)]
  0x000002046e6bc9c0 JavaThread "Monitor Deflation Thread"   daemon [_thread_blocked, id=14752, stack(0x000000a19e800000,0x000000a19e900000) (1024K)]
=>0x000002046e6be760 JavaThread "C2 CompilerThread0"         daemon [_thread_in_native, id=41588, stack(0x000000a19e900000,0x000000a19ea00000) (1024K)]
  0x000002046e6bfa10 JavaThread "C1 CompilerThread0"         daemon [_thread_blocked, id=25020, stack(0x000000a19ea00000,0x000000a19eb00000) (1024K)]
  0x000002046e97e890 JavaThread "Notification Thread"        daemon [_thread_blocked, id=15236, stack(0x000000a19eb00000,0x000000a19ec00000) (1024K)]
  0x00000204748fcc60 JavaThread "Daemon health stats"               [_thread_blocked, id=40716, stack(0x000000a19ed00000,0x000000a19ee00000) (1024K)]
  0x0000020474a16410 JavaThread "Incoming local TCP Connector on port 58322"        [_thread_in_native, id=4684, stack(0x000000a19f500000,0x000000a19f600000) (1024K)]
  0x0000020474972e90 JavaThread "Daemon periodic checks"            [_thread_blocked, id=14500, stack(0x000000a19f600000,0x000000a19f700000) (1024K)]
  0x0000020474a403c0 JavaThread "Cache worker for journal cache (C:\Users\elilt\.gradle\caches\journal-1)"        [_thread_blocked, id=37668, stack(0x000000a19ff00000,0x000000a1a0000000) (1024K)]
  0x0000020474a40a50 JavaThread "File lock request listener"        [_thread_in_native, id=9616, stack(0x000000a1a0000000,0x000000a1a0100000) (1024K)]
  0x0000020474a410e0 JavaThread "Cache worker for file hash cache (C:\Users\elilt\.gradle\caches\8.13\fileHashes)"        [_thread_blocked, id=1676, stack(0x000000a1a0100000,0x000000a1a0200000) (1024K)]
  0x0000020475292ef0 JavaThread "File watcher server"        daemon [_thread_in_native, id=29024, stack(0x000000a1a0500000,0x000000a1a0600000) (1024K)]
  0x0000020475292860 JavaThread "File watcher consumer"      daemon [_thread_blocked, id=36524, stack(0x000000a1a0600000,0x000000a1a0700000) (1024K)]
  0x0000020475293580 JavaThread "jar transforms"                    [_thread_blocked, id=21076, stack(0x000000a1a0700000,0x000000a1a0800000) (1024K)]
  0x0000020475293c10 JavaThread "jar transforms Thread 2"           [_thread_blocked, id=37540, stack(0x000000a1a0800000,0x000000a1a0900000) (1024K)]
  0x0000020475294930 JavaThread "jar transforms Thread 3"           [_thread_blocked, id=17488, stack(0x000000a1a0900000,0x000000a1a0a00000) (1024K)]
  0x0000020475294fc0 JavaThread "jar transforms Thread 4"           [_thread_blocked, id=36644, stack(0x000000a1a0a00000,0x000000a1a0b00000) (1024K)]
  0x0000020475295650 JavaThread "jar transforms Thread 5"           [_thread_blocked, id=39408, stack(0x000000a1a0b00000,0x000000a1a0c00000) (1024K)]
  0x0000020475295ce0 JavaThread "jar transforms Thread 6"           [_thread_blocked, id=41176, stack(0x000000a1a0c00000,0x000000a1a0d00000) (1024K)]
  0x000002047765ea00 JavaThread "jar transforms Thread 7"           [_thread_blocked, id=22868, stack(0x000000a1a0d00000,0x000000a1a0e00000) (1024K)]
  0x000002047765cfc0 JavaThread "jar transforms Thread 8"           [_thread_blocked, id=40152, stack(0x000000a1a0e00000,0x000000a1a0f00000) (1024K)]
  0x000002047765d650 JavaThread "Cache worker for file content cache (C:\Users\elilt\.gradle\caches\8.13\fileContent)"        [_thread_blocked, id=42176, stack(0x000000a1a1000000,0x000000a1a1100000) (1024K)]
  0x000002047e91a0b0 JavaThread "Memory manager"                    [_thread_blocked, id=23676, stack(0x000000a1a2400000,0x000000a1a2500000) (1024K)]
  0x00000204764eaed0 JavaThread "Daemon Thread 2"                   [_thread_blocked, id=42068, stack(0x000000a19d700000,0x000000a19d800000) (1024K)]
  0x00000204764ea1b0 JavaThread "Daemon Thread 3"                   [_thread_blocked, id=41200, stack(0x000000a19d800000,0x000000a19d900000) (1024K)]
  0x000002047764eb10 JavaThread "Handler for socket connection from /127.0.0.1:58322 to /127.0.0.1:58371"        [_thread_in_native, id=38280, stack(0x000000a19d900000,0x000000a19da00000) (1024K)]
  0x0000020477650550 JavaThread "Cancel handler"                    [_thread_blocked, id=36776, stack(0x000000a19ec00000,0x000000a19ed00000) (1024K)]
  0x0000020477651270 JavaThread "Daemon worker Thread 2"            [_thread_in_native, id=41580, stack(0x000000a19f700000,0x000000a19f800000) (1024K)]
  0x000002047f95e2b0 JavaThread "Asynchronous log dispatcher for DefaultDaemonConnection: socket connection from /127.0.0.1:58322 to /127.0.0.1:58371"        [_thread_blocked, id=21460, stack(0x000000a19f900000,0x000000a19fa00000) (1024K)]
  0x000002047f95e940 JavaThread "Stdin handler"                     [_thread_blocked, id=41240, stack(0x000000a19fb00000,0x000000a19fc00000) (1024K)]
  0x000002047f95efd0 JavaThread "Daemon client event forwarder"        [_thread_blocked, id=3788, stack(0x000000a19fd00000,0x000000a19fe00000) (1024K)]
  0x0000020476665410 JavaThread "VFS cleanup Thread 2"              [_thread_blocked, id=1468, stack(0x000000a19fe00000,0x000000a19ff00000) (1024K)]
  0x000002047e84b310 JavaThread "Cache worker for file hash cache (C:\Users\elilt\OneDrive\Documentos\FIAP\3SIZ\3SIZ-Android-Kotlin-Developer\OrbisApp\.gradle\8.13\fileHashes)"        [_thread_blocked, id=32060, stack(0x000000a19f800000,0x000000a19f900000) (1024K)]
  0x000002047e849240 JavaThread "Cache worker for Build Output Cleanup Cache (C:\Users\elilt\OneDrive\Documentos\FIAP\3SIZ\3SIZ-Android-Kotlin-Developer\OrbisApp\.gradle\buildOutputCleanup)"        [_thread_blocked, id=33044, stack(0x000000a19fa00000,0x000000a19fb00000) (1024K)]
  0x000002047f184cf0 JavaThread "Cache worker for checksums cache (C:\Users\elilt\OneDrive\Documentos\FIAP\3SIZ\3SIZ-Android-Kotlin-Developer\OrbisApp\.gradle\8.13\checksums)"        [_thread_blocked, id=38888, stack(0x000000a1a0200000,0x000000a1a0300000) (1024K)]
  0x000002047f182c20 JavaThread "Cache worker for cache directory md-supplier (C:\Users\elilt\.gradle\caches\8.13\md-supplier)"        [_thread_blocked, id=39188, stack(0x000000a1a0300000,0x000000a1a0400000) (1024K)]
  0x000002047f185380 JavaThread "Cache worker for cache directory md-rule (C:\Users\elilt\.gradle\caches\8.13\md-rule)"        [_thread_blocked, id=34292, stack(0x000000a1a0400000,0x000000a1a0500000) (1024K)]
  0x000002047f183940 JavaThread "Unconstrained build operations"        [_thread_blocked, id=5560, stack(0x000000a1a0f00000,0x000000a1a1000000) (1024K)]
  0x000002047f181f00 JavaThread "Unconstrained build operations Thread 2"        [_thread_blocked, id=18796, stack(0x000000a1a1100000,0x000000a1a1200000) (1024K)]
  0x000002047e84b9a0 JavaThread "Unconstrained build operations Thread 3"        [_thread_blocked, id=36048, stack(0x000000a1a1400000,0x000000a1a1500000) (1024K)]
  0x000002047e8498d0 JavaThread "Unconstrained build operations Thread 4"        [_thread_blocked, id=41948, stack(0x000000a1a1500000,0x000000a1a1600000) (1024K)]
  0x000002047e848520 JavaThread "Unconstrained build operations Thread 5"        [_thread_blocked, id=37432, stack(0x000000a1a1600000,0x000000a1a1700000) (1024K)]
  0x000002047e849f60 JavaThread "Unconstrained build operations Thread 6"        [_thread_blocked, id=28784, stack(0x000000a1a1700000,0x000000a1a1800000) (1024K)]
  0x000002047e848bb0 JavaThread "Unconstrained build operations Thread 7"        [_thread_blocked, id=37768, stack(0x000000a1a1800000,0x000000a1a1900000) (1024K)]
  0x000002047fc822b0 JavaThread "Unconstrained build operations Thread 8"        [_thread_blocked, id=38740, stack(0x000000a1a1900000,0x000000a1a1a00000) (1024K)]
  0x000002047fc81c20 JavaThread "Unconstrained build operations Thread 9"        [_thread_blocked, id=41932, stack(0x000000a1a1a00000,0x000000a1a1b00000) (1024K)]
  0x0000020476666630 JavaThread "Unconstrained build operations Thread 10"        [_thread_blocked, id=42252, stack(0x000000a1a1300000,0x000000a1a1400000) (1024K)]
  0x0000020476666cc0 JavaThread "Unconstrained build operations Thread 11"        [_thread_blocked, id=38024, stack(0x000000a1a1b00000,0x000000a1a1c00000) (1024K)]
  0x00000204097f0c00 JavaThread "Unconstrained build operations Thread 12"        [_thread_blocked, id=40124, stack(0x000000a1a1c00000,0x000000a1a1d00000) (1024K)]
  0x00000204097f0570 JavaThread "Unconstrained build operations Thread 13"        [_thread_blocked, id=41408, stack(0x000000a1a1d00000,0x000000a1a1e00000) (1024K)]
  0x00000204097f1290 JavaThread "Unconstrained build operations Thread 14"        [_thread_blocked, id=35976, stack(0x000000a1a1e00000,0x000000a1a1f00000) (1024K)]
  0x00000204097f1920 JavaThread "Unconstrained build operations Thread 15"        [_thread_blocked, id=31856, stack(0x000000a1a1f00000,0x000000a1a2000000) (1024K)]
  0x00000204097ef850 JavaThread "Unconstrained build operations Thread 16"        [_thread_blocked, id=34872, stack(0x000000a1a2000000,0x000000a1a2100000) (1024K)]
  0x00000204097efee0 JavaThread "Unconstrained build operations Thread 17"        [_thread_blocked, id=42204, stack(0x000000a1a2100000,0x000000a1a2200000) (1024K)]
  0x00000204097f1fb0 JavaThread "Unconstrained build operations Thread 18"        [_thread_blocked, id=20008, stack(0x000000a1a2200000,0x000000a1a2300000) (1024K)]
  0x00000204097f2640 JavaThread "Unconstrained build operations Thread 19"        [_thread_blocked, id=28072, stack(0x000000a1a2300000,0x000000a1a2400000) (1024K)]
  0x00000204097f2cd0 JavaThread "Unconstrained build operations Thread 20"        [_thread_blocked, id=34716, stack(0x000000a1a2500000,0x000000a1a2600000) (1024K)]
  0x0000020409810360 JavaThread "Unconstrained build operations Thread 21"        [_thread_blocked, id=32440, stack(0x000000a1a2700000,0x000000a1a2800000) (1024K)]
  0x000002040980fcd0 JavaThread "Unconstrained build operations Thread 22"        [_thread_blocked, id=16304, stack(0x000000a1a2800000,0x000000a1a2900000) (1024K)]
  0x000002040980efb0 JavaThread "Unconstrained build operations Thread 23"        [_thread_blocked, id=33112, stack(0x000000a1a2900000,0x000000a1a2a00000) (1024K)]
  0x0000020476661f90 JavaThread "Unconstrained build operations Thread 24"        [_thread_blocked, id=41616, stack(0x000000a1a2a00000,0x000000a1a2b00000) (1024K)]
  0x0000020476662620 JavaThread "Unconstrained build operations Thread 25"        [_thread_blocked, id=42168, stack(0x000000a1a1200000,0x000000a1a1300000) (1024K)]
  0x000002047fc82fd0 JavaThread "Unconstrained build operations Thread 26"        [_thread_blocked, id=2632, stack(0x000000a1a2b00000,0x000000a1a2c00000) (1024K)]
  0x000002047fc7fb50 JavaThread "Unconstrained build operations Thread 27"        [_thread_blocked, id=17836, stack(0x000000a1a2c00000,0x000000a1a2d00000) (1024K)]
  0x000002047fc81590 JavaThread "Unconstrained build operations Thread 28"        [_thread_blocked, id=34072, stack(0x000000a1a2d00000,0x000000a1a2e00000) (1024K)]
  0x000002047fc801e0 JavaThread "Unconstrained build operations Thread 29"        [_thread_blocked, id=24648, stack(0x000000a1a2e00000,0x000000a1a2f00000) (1024K)]
  0x000002047fc80870 JavaThread "Unconstrained build operations Thread 30"        [_thread_blocked, id=39072, stack(0x000000a1a2f00000,0x000000a1a3000000) (1024K)]
  0x000002047fc80f00 JavaThread "Unconstrained build operations Thread 31"        [_thread_blocked, id=38804, stack(0x000000a1a3000000,0x000000a1a3100000) (1024K)]
  0x0000020408181090 JavaThread "Unconstrained build operations Thread 32"        [_thread_blocked, id=39752, stack(0x000000a1a3100000,0x000000a1a3200000) (1024K)]
  0x0000020408181db0 JavaThread "build event listener"              [_thread_blocked, id=29940, stack(0x000000a1a3300000,0x000000a1a3400000) (1024K)]
  0x0000020408aece10 JavaThread "Kotlin DSL Writer"                 [_thread_blocked, id=41528, stack(0x000000a1a3200000,0x000000a1a3300000) (1024K)]
  0x00000204098109f0 JavaThread "included builds"                   [_thread_blocked, id=33640, stack(0x000000a1a3500000,0x000000a1a3600000) (1024K)]
  0x000002047f1832b0 JavaThread "Execution worker"                  [_thread_blocked, id=38744, stack(0x000000a1a3600000,0x000000a1a3700000) (1024K)]
  0x000002047f183fd0 JavaThread "Execution worker Thread 2"         [_thread_blocked, id=37500, stack(0x000000a1a3700000,0x000000a1a3800000) (1024K)]
  0x000002047f184660 JavaThread "Execution worker Thread 3"         [_thread_blocked, id=12884, stack(0x000000a1a3800000,0x000000a1a3900000) (1024K)]
  0x000002040971dff0 JavaThread "Execution worker Thread 4"         [_thread_blocked, id=15812, stack(0x000000a1a3900000,0x000000a1a3a00000) (1024K)]
  0x000002040971e680 JavaThread "Execution worker Thread 5"         [_thread_blocked, id=12896, stack(0x000000a1a3a00000,0x000000a1a3b00000) (1024K)]
  0x000002040971b890 JavaThread "Execution worker Thread 6"         [_thread_blocked, id=34680, stack(0x000000a1a3b00000,0x000000a1a3c00000) (1024K)]
  0x000002040971ed10 JavaThread "Execution worker Thread 7"         [_thread_blocked, id=5000, stack(0x000000a1a3c00000,0x000000a1a3d00000) (1024K)]
  0x000002040971c5b0 JavaThread "Cache worker for execution history cache (C:\Users\elilt\OneDrive\Documentos\FIAP\3SIZ\3SIZ-Android-Kotlin-Developer\OrbisApp\.gradle\8.13\executionHistory)"        [_thread_blocked, id=22212, stack(0x000000a1a3d00000,0x000000a1a3e00000) (1024K)]
  0x0000020476662cb0 JavaThread "idea-tooling-model-converter"        [_thread_blocked, id=9716, stack(0x000000a1a3e00000,0x000000a1a3f00000) (1024K)]
  0x00000204766639d0 JavaThread "Unconstrained build operations Thread 33"        [_thread_blocked, id=24340, stack(0x000000a1a3f00000,0x000000a1a4000000) (1024K)]
  0x00000204766646f0 JavaThread "Unconstrained build operations Thread 34"        [_thread_blocked, id=42128, stack(0x000000a1a3400000,0x000000a1a3500000) (1024K)]
  0x000002040bc43cf0 JavaThread "Unconstrained build operations Thread 35"        [_thread_blocked, id=41052, stack(0x000000a1a4000000,0x000000a1a4100000) (1024K)]
  0x000002040bc44a10 JavaThread "Unconstrained build operations Thread 36"        [_thread_blocked, id=3736, stack(0x000000a1a4100000,0x000000a1a4200000) (1024K)]
  0x000002040bc41590 JavaThread "Unconstrained build operations Thread 37"        [_thread_blocked, id=32940, stack(0x000000a1a4200000,0x000000a1a4300000) (1024K)]
  0x000002040bc41c20 JavaThread "Unconstrained build operations Thread 38"        [_thread_blocked, id=29088, stack(0x000000a1a4300000,0x000000a1a4400000) (1024K)]
  0x000002040bc43660 JavaThread "Unconstrained build operations Thread 39"        [_thread_blocked, id=9712, stack(0x000000a1a4400000,0x000000a1a4500000) (1024K)]
  0x000002040bc422b0 JavaThread "Unconstrained build operations Thread 40"        [_thread_blocked, id=27796, stack(0x000000a1a4500000,0x000000a1a4600000) (1024K)]
  0x0000020408f2dad0 JavaThread "Unconstrained build operations Thread 41"        [_thread_blocked, id=37976, stack(0x000000a1a4600000,0x000000a1a4700000) (1024K)]
  0x0000020408f2ace0 JavaThread "Unconstrained build operations Thread 42"        [_thread_blocked, id=18072, stack(0x000000a1a4700000,0x000000a1a4800000) (1024K)]
  0x0000020408f292a0 JavaThread "Unconstrained build operations Thread 43"        [_thread_blocked, id=18772, stack(0x000000a1a4800000,0x000000a1a4900000) (1024K)]
  0x0000020408f2ba00 JavaThread "Unconstrained build operations Thread 44"        [_thread_blocked, id=40676, stack(0x000000a1a4900000,0x000000a1a4a00000) (1024K)]
  0x0000020408f2c090 JavaThread "Unconstrained build operations Thread 45"        [_thread_blocked, id=15208, stack(0x000000a1a4a00000,0x000000a1a4b00000) (1024K)]
  0x0000020408f2c720 JavaThread "Unconstrained build operations Thread 46"        [_thread_blocked, id=20612, stack(0x000000a1a4b00000,0x000000a1a4c00000) (1024K)]
  0x0000020408f2cdb0 JavaThread "Unconstrained build operations Thread 47"        [_thread_blocked, id=29832, stack(0x000000a1a4d00000,0x000000a1a4e00000) (1024K)]
  0x000002047f961dc0 JavaThread "Unconstrained build operations Thread 48"        [_thread_blocked, id=38460, stack(0x000000a1a4e00000,0x000000a1a4f00000) (1024K)]
  0x0000020476664d80 JavaThread "Unconstrained build operations Thread 49"        [_thread_blocked, id=13848, stack(0x000000a1a4c00000,0x000000a1a4d00000) (1024K)]
  0x0000020477e85140 JavaThread "Unconstrained build operations Thread 50"        [_thread_blocked, id=40160, stack(0x000000a1a4f00000,0x000000a1a5000000) (1024K)]
  0x0000020477e84ab0 JavaThread "Unconstrained build operations Thread 51"        [_thread_blocked, id=276, stack(0x000000a1a5000000,0x000000a1a5100000) (1024K)]
  0x0000020477e85e60 JavaThread "Unconstrained build operations Thread 52"        [_thread_blocked, id=35888, stack(0x000000a1a5100000,0x000000a1a5200000) (1024K)]
  0x0000020477e857d0 JavaThread "Unconstrained build operations Thread 53"        [_thread_blocked, id=42656, stack(0x000000a1a5200000,0x000000a1a5300000) (1024K)]
  0x000002040b193bb0 JavaThread "Unconstrained build operations Thread 54"        [_thread_blocked, id=14876, stack(0x000000a1a5300000,0x000000a1a5400000) (1024K)]
  0x000002040b194240 JavaThread "Unconstrained build operations Thread 55"        [_thread_blocked, id=39088, stack(0x000000a1a5400000,0x000000a1a5500000) (1024K)]
  0x000002040b192e90 JavaThread "Unconstrained build operations Thread 56"        [_thread_blocked, id=5708, stack(0x000000a1a5500000,0x000000a1a5600000) (1024K)]
  0x000002040b193520 JavaThread "Unconstrained build operations Thread 57"        [_thread_blocked, id=29532, stack(0x000000a1a5600000,0x000000a1a5700000) (1024K)]
  0x000002040a35dbb0 JavaThread "Unconstrained build operations Thread 58"        [_thread_blocked, id=36632, stack(0x000000a1a5700000,0x000000a1a5800000) (1024K)]
  0x000002040a35d520 JavaThread "Unconstrained build operations Thread 59"        [_thread_blocked, id=41160, stack(0x000000a1a5800000,0x000000a1a5900000) (1024K)]
  0x000002040a35c800 JavaThread "Unconstrained build operations Thread 60"        [_thread_blocked, id=42948, stack(0x000000a1a5900000,0x000000a1a5a00000) (1024K)]
  0x000002040a35ce90 JavaThread "Unconstrained build operations Thread 61"        [_thread_blocked, id=29380, stack(0x000000a1a5a00000,0x000000a1a5b00000) (1024K)]
  0x000002040ae8e5e0 JavaThread "Unconstrained build operations Thread 62"        [_thread_blocked, id=30000, stack(0x000000a1a5b00000,0x000000a1a5c00000) (1024K)]
Total: 117

Other Threads:
  0x000002046e60d140 VMThread "VM Thread"                           [id=26820, stack(0x000000a19e100000,0x000000a19e200000) (1024K)]
  0x000002046e490cd0 WatcherThread "VM Periodic Task Thread"        [id=16000, stack(0x000000a19e000000,0x000000a19e100000) (1024K)]
  0x0000020456de6750 WorkerThread "GC Thread#0"                     [id=30944, stack(0x000000a19db00000,0x000000a19dc00000) (1024K)]
  0x000002047370df40 WorkerThread "GC Thread#1"                     [id=37020, stack(0x000000a19ee00000,0x000000a19ef00000) (1024K)]
  0x000002047370e2e0 WorkerThread "GC Thread#2"                     [id=12864, stack(0x000000a19ef00000,0x000000a19f000000) (1024K)]
  0x00000204735f6db0 WorkerThread "GC Thread#3"                     [id=32928, stack(0x000000a19f000000,0x000000a19f100000) (1024K)]
  0x0000020473565790 WorkerThread "GC Thread#4"                     [id=39120, stack(0x000000a19f100000,0x000000a19f200000) (1024K)]
  0x0000020473565b30 WorkerThread "GC Thread#5"                     [id=41820, stack(0x000000a19f200000,0x000000a19f300000) (1024K)]
  0x0000020473c7f4e0 WorkerThread "GC Thread#6"                     [id=40044, stack(0x000000a19f300000,0x000000a19f400000) (1024K)]
  0x0000020473c7eda0 WorkerThread "GC Thread#7"                     [id=4984, stack(0x000000a19f400000,0x000000a19f500000) (1024K)]
  0x0000020456df7650 ConcurrentGCThread "G1 Main Marker"            [id=38900, stack(0x000000a19dc00000,0x000000a19dd00000) (1024K)]
  0x0000020456df96b0 WorkerThread "G1 Conc#0"                       [id=41624, stack(0x000000a19dd00000,0x000000a19de00000) (1024K)]
  0x0000020473c7f140 WorkerThread "G1 Conc#1"                       [id=38896, stack(0x000000a19fc00000,0x000000a19fd00000) (1024K)]
  0x000002046e360670 ConcurrentGCThread "G1 Refine#0"               [id=42312, stack(0x000000a19de00000,0x000000a19df00000) (1024K)]
  0x000002046e360e90 ConcurrentGCThread "G1 Service"                [id=41936, stack(0x000000a19df00000,0x000000a19e000000) (1024K)]
Total: 15

Threads with active compile tasks:
C2 CompilerThread0  246934 32575   !   4       java.io.ObjectOutputStream::writeOrdinaryObject (196 bytes)
Total: 1

VM state: not at safepoint (normal execution)

VM Mutex/Monitor currently owned by a thread: None

Heap address: 0x0000000080000000, size: 2048 MB, Compressed Oops mode: 32-bit

CDS archive(s) not mapped
Compressed class space mapped at: 0x0000000100000000-0x0000000140000000, reserved size: 1073741824
Narrow klass base: 0x0000000000000000, Narrow klass shift: 3, Narrow klass range: 0x140000000

GC Precious Log:
 CardTable entry size: 512
 Card Set container configuration: InlinePtr #cards 5 size 8 Array Of Cards #cards 12 size 40 Howl #buckets 4 coarsen threshold 1843 Howl Bitmap #cards 512 size 80 coarsen threshold 460 Card regions per heap region 1 cards per card region 2048
 CPUs: 8 total, 8 available
 Memory: 16259M
 Large Page Support: Disabled
 NUMA Support: Disabled
 Compressed Oops: Enabled (32-bit)
 Heap Region Size: 1M
 Heap Min Capacity: 8M
 Heap Initial Capacity: 256M
 Heap Max Capacity: 2G
 Pre-touch: Disabled
 Parallel Workers: 8
 Concurrent Workers: 2
 Concurrent Refinement Workers: 8
 Periodic GC: Disabled

Heap:
 garbage-first heap   total 500736K, used 332251K [0x0000000080000000, 0x0000000100000000)
  region size 1024K, 42 young (43008K), 19 survivors (19456K)
 Metaspace       used 238768K, committed 241792K, reserved 1310720K
  class space    used 30961K, committed 32448K, reserved 1048576K

Heap Regions: E=young(eden), S=young(survivor), O=old, HS=humongous(starts), HC=humongous(continues), CS=collection set, F=free, TAMS=top-at-mark-start, PB=parsable bottom
|   0|0x0000000080000000, 0x0000000080100000, 0x0000000080100000|100%|HS|  |TAMS 0x0000000080000000| PB 0x0000000080000000| Complete 
|   1|0x0000000080100000, 0x0000000080200000, 0x0000000080200000|100%|HC|  |TAMS 0x0000000080100000| PB 0x0000000080100000| Complete 
|   2|0x0000000080200000, 0x0000000080300000, 0x0000000080300000|100%|HC|  |TAMS 0x0000000080200000| PB 0x0000000080200000| Complete 
|   3|0x0000000080300000, 0x0000000080400000, 0x0000000080400000|100%| O|  |TAMS 0x0000000080300000| PB 0x0000000080300000| Untracked 
|   4|0x0000000080400000, 0x0000000080500000, 0x0000000080500000|100%| O|  |TAMS 0x0000000080400000| PB 0x0000000080400000| Untracked 
|   5|0x0000000080500000, 0x0000000080600000, 0x0000000080600000|100%| O|  |TAMS 0x0000000080500000| PB 0x0000000080500000| Untracked 
|   6|0x0000000080600000, 0x0000000080700000, 0x0000000080700000|100%|HS|  |TAMS 0x0000000080600000| PB 0x0000000080600000| Complete 
|   7|0x0000000080700000, 0x0000000080800000, 0x0000000080800000|100%| O|  |TAMS 0x0000000080700000| PB 0x0000000080700000| Untracked 
|   8|0x0000000080800000, 0x0000000080900000, 0x0000000080900000|100%| O|  |TAMS 0x0000000080800000| PB 0x0000000080800000| Untracked 
|   9|0x0000000080900000, 0x0000000080a00000, 0x0000000080a00000|100%| O|  |TAMS 0x0000000080900000| PB 0x0000000080900000| Untracked 
|  10|0x0000000080a00000, 0x0000000080b00000, 0x0000000080b00000|100%| O|  |TAMS 0x0000000080a00000| PB 0x0000000080a00000| Untracked 
|  11|0x0000000080b00000, 0x0000000080c00000, 0x0000000080c00000|100%| O|  |TAMS 0x0000000080b00000| PB 0x0000000080b00000| Untracked 
|  12|0x0000000080c00000, 0x0000000080d00000, 0x0000000080d00000|100%| O|  |TAMS 0x0000000080c00000| PB 0x0000000080c00000| Untracked 
|  13|0x0000000080d00000, 0x0000000080e00000, 0x0000000080e00000|100%| O|  |TAMS 0x0000000080d00000| PB 0x0000000080d00000| Untracked 
|  14|0x0000000080e00000, 0x0000000080f00000, 0x0000000080f00000|100%| O|  |TAMS 0x0000000080e00000| PB 0x0000000080e00000| Untracked 
|  15|0x0000000080f00000, 0x0000000081000000, 0x0000000081000000|100%| O|  |TAMS 0x0000000080f00000| PB 0x0000000080f00000| Untracked 
|  16|0x0000000081000000, 0x0000000081100000, 0x0000000081100000|100%| O|  |TAMS 0x0000000081000000| PB 0x0000000081000000| Untracked 
|  17|0x0000000081100000, 0x0000000081200000, 0x0000000081200000|100%| O|  |TAMS 0x0000000081100000| PB 0x0000000081100000| Untracked 
|  18|0x0000000081200000, 0x0000000081300000, 0x0000000081300000|100%| O|  |TAMS 0x0000000081200000| PB 0x0000000081200000| Untracked 
|  19|0x0000000081300000, 0x0000000081400000, 0x0000000081400000|100%| O|  |TAMS 0x0000000081300000| PB 0x0000000081300000| Untracked 
|  20|0x0000000081400000, 0x0000000081500000, 0x0000000081500000|100%| O|  |TAMS 0x0000000081400000| PB 0x0000000081400000| Untracked 
|  21|0x0000000081500000, 0x0000000081600000, 0x0000000081600000|100%| O|  |TAMS 0x0000000081500000| PB 0x0000000081500000| Untracked 
|  22|0x0000000081600000, 0x0000000081700000, 0x0000000081700000|100%|HS|  |TAMS 0x0000000081600000| PB 0x0000000081600000| Complete 
|  23|0x0000000081700000, 0x0000000081800000, 0x0000000081800000|100%|HC|  |TAMS 0x0000000081700000| PB 0x0000000081700000| Complete 
|  24|0x0000000081800000, 0x0000000081900000, 0x0000000081900000|100%|HC|  |TAMS 0x0000000081800000| PB 0x0000000081800000| Complete 
|  25|0x0000000081900000, 0x0000000081a00000, 0x0000000081a00000|100%|HC|  |TAMS 0x0000000081900000| PB 0x0000000081900000| Complete 
|  26|0x0000000081a00000, 0x0000000081b00000, 0x0000000081b00000|100%|HC|  |TAMS 0x0000000081a00000| PB 0x0000000081a00000| Complete 
|  27|0x0000000081b00000, 0x0000000081c00000, 0x0000000081c00000|100%|HC|  |TAMS 0x0000000081b00000| PB 0x0000000081b00000| Complete 
|  28|0x0000000081c00000, 0x0000000081d00000, 0x0000000081d00000|100%|HS|  |TAMS 0x0000000081c00000| PB 0x0000000081c00000| Complete 
|  29|0x0000000081d00000, 0x0000000081e00000, 0x0000000081e00000|100%|HS|  |TAMS 0x0000000081d00000| PB 0x0000000081d00000| Complete 
|  30|0x0000000081e00000, 0x0000000081f00000, 0x0000000081f00000|100%|HC|  |TAMS 0x0000000081e00000| PB 0x0000000081e00000| Complete 
|  31|0x0000000081f00000, 0x0000000082000000, 0x0000000082000000|100%|HS|  |TAMS 0x0000000081f00000| PB 0x0000000081f00000| Complete 
|  32|0x0000000082000000, 0x0000000082100000, 0x0000000082100000|100%|HC|  |TAMS 0x0000000082000000| PB 0x0000000082000000| Complete 
|  33|0x0000000082100000, 0x0000000082200000, 0x0000000082200000|100%|HC|  |TAMS 0x0000000082100000| PB 0x0000000082100000| Complete 
|  34|0x0000000082200000, 0x0000000082300000, 0x0000000082300000|100%|HC|  |TAMS 0x0000000082200000| PB 0x0000000082200000| Complete 
|  35|0x0000000082300000, 0x0000000082400000, 0x0000000082400000|100%| O|  |TAMS 0x0000000082300000| PB 0x0000000082300000| Untracked 
|  36|0x0000000082400000, 0x0000000082500000, 0x0000000082500000|100%| O|  |TAMS 0x0000000082400000| PB 0x0000000082400000| Untracked 
|  37|0x0000000082500000, 0x0000000082600000, 0x0000000082600000|100%| O|  |TAMS 0x0000000082500000| PB 0x0000000082500000| Untracked 
|  38|0x0000000082600000, 0x0000000082700000, 0x0000000082700000|100%| O|  |TAMS 0x0000000082600000| PB 0x0000000082600000| Untracked 
|  39|0x0000000082700000, 0x0000000082800000, 0x0000000082800000|100%| O|  |TAMS 0x0000000082700000| PB 0x0000000082700000| Untracked 
|  40|0x0000000082800000, 0x0000000082900000, 0x0000000082900000|100%|HS|  |TAMS 0x0000000082800000| PB 0x0000000082800000| Complete 
|  41|0x0000000082900000, 0x0000000082a00000, 0x0000000082a00000|100%|HS|  |TAMS 0x0000000082900000| PB 0x0000000082900000| Complete 
|  42|0x0000000082a00000, 0x0000000082b00000, 0x0000000082b00000|100%|HC|  |TAMS 0x0000000082a00000| PB 0x0000000082a00000| Complete 
|  43|0x0000000082b00000, 0x0000000082c00000, 0x0000000082c00000|100%|HC|  |TAMS 0x0000000082b00000| PB 0x0000000082b00000| Complete 
|  44|0x0000000082c00000, 0x0000000082d00000, 0x0000000082d00000|100%|HC|  |TAMS 0x0000000082c00000| PB 0x0000000082c00000| Complete 
|  45|0x0000000082d00000, 0x0000000082e00000, 0x0000000082e00000|100%|HC|  |TAMS 0x0000000082d00000| PB 0x0000000082d00000| Complete 
|  46|0x0000000082e00000, 0x0000000082f00000, 0x0000000082f00000|100%|HC|  |TAMS 0x0000000082e00000| PB 0x0000000082e00000| Complete 
|  47|0x0000000082f00000, 0x0000000083000000, 0x0000000083000000|100%|HS|  |TAMS 0x0000000082f00000| PB 0x0000000082f00000| Complete 
|  48|0x0000000083000000, 0x0000000083100000, 0x0000000083100000|100%|HS|  |TAMS 0x0000000083000000| PB 0x0000000083000000| Complete 
|  49|0x0000000083100000, 0x0000000083200000, 0x0000000083200000|100%|HC|  |TAMS 0x0000000083100000| PB 0x0000000083100000| Complete 
|  50|0x0000000083200000, 0x0000000083300000, 0x0000000083300000|100%|HS|  |TAMS 0x0000000083200000| PB 0x0000000083200000| Complete 
|  51|0x0000000083300000, 0x0000000083400000, 0x0000000083400000|100%| O|  |TAMS 0x0000000083300000| PB 0x0000000083300000| Untracked 
|  52|0x0000000083400000, 0x0000000083500000, 0x0000000083500000|100%| O|  |TAMS 0x0000000083400000| PB 0x0000000083400000| Untracked 
|  53|0x0000000083500000, 0x0000000083600000, 0x0000000083600000|100%| O|  |TAMS 0x0000000083500000| PB 0x0000000083500000| Untracked 
|  54|0x0000000083600000, 0x0000000083700000, 0x0000000083700000|100%| O|  |TAMS 0x0000000083600000| PB 0x0000000083600000| Untracked 
|  55|0x0000000083700000, 0x0000000083800000, 0x0000000083800000|100%| O|  |TAMS 0x0000000083700000| PB 0x0000000083700000| Untracked 
|  56|0x0000000083800000, 0x0000000083900000, 0x0000000083900000|100%| O|  |TAMS 0x0000000083800000| PB 0x0000000083800000| Untracked 
|  57|0x0000000083900000, 0x0000000083a00000, 0x0000000083a00000|100%|HS|  |TAMS 0x0000000083900000| PB 0x0000000083900000| Complete 
|  58|0x0000000083a00000, 0x0000000083b00000, 0x0000000083b00000|100%|HC|  |TAMS 0x0000000083a00000| PB 0x0000000083a00000| Complete 
|  59|0x0000000083b00000, 0x0000000083c00000, 0x0000000083c00000|100%|HC|  |TAMS 0x0000000083b00000| PB 0x0000000083b00000| Complete 
|  60|0x0000000083c00000, 0x0000000083d00000, 0x0000000083d00000|100%|HC|  |TAMS 0x0000000083c00000| PB 0x0000000083c00000| Complete 
|  61|0x0000000083d00000, 0x0000000083e00000, 0x0000000083e00000|100%| O|  |TAMS 0x0000000083d00000| PB 0x0000000083d00000| Untracked 
|  62|0x0000000083e00000, 0x0000000083f00000, 0x0000000083f00000|100%| O|  |TAMS 0x0000000083e00000| PB 0x0000000083e00000| Untracked 
|  63|0x0000000083f00000, 0x0000000084000000, 0x0000000084000000|100%| O|  |TAMS 0x0000000083f00000| PB 0x0000000083f00000| Untracked 
|  64|0x0000000084000000, 0x0000000084100000, 0x0000000084100000|100%|HS|  |TAMS 0x0000000084000000| PB 0x0000000084000000| Complete 
|  65|0x0000000084100000, 0x0000000084200000, 0x0000000084200000|100%|HC|  |TAMS 0x0000000084100000| PB 0x0000000084100000| Complete 
|  66|0x0000000084200000, 0x0000000084300000, 0x0000000084300000|100%| O|  |TAMS 0x0000000084200000| PB 0x0000000084200000| Untracked 
|  67|0x0000000084300000, 0x0000000084400000, 0x0000000084400000|100%| O|  |TAMS 0x0000000084300000| PB 0x0000000084300000| Untracked 
|  68|0x0000000084400000, 0x0000000084500000, 0x0000000084500000|100%| O|  |TAMS 0x0000000084400000| PB 0x0000000084400000| Untracked 
|  69|0x0000000084500000, 0x0000000084600000, 0x0000000084600000|100%| O|  |TAMS 0x0000000084500000| PB 0x0000000084500000| Untracked 
|  70|0x0000000084600000, 0x0000000084700000, 0x0000000084700000|100%| O|  |TAMS 0x0000000084600000| PB 0x0000000084600000| Untracked 
|  71|0x0000000084700000, 0x0000000084800000, 0x0000000084800000|100%| O|  |TAMS 0x0000000084700000| PB 0x0000000084700000| Untracked 
|  72|0x0000000084800000, 0x0000000084900000, 0x0000000084900000|100%| O|  |TAMS 0x0000000084800000| PB 0x0000000084800000| Untracked 
|  73|0x0000000084900000, 0x0000000084a00000, 0x0000000084a00000|100%|HS|  |TAMS 0x0000000084900000| PB 0x0000000084900000| Complete 
|  74|0x0000000084a00000, 0x0000000084b00000, 0x0000000084b00000|100%|HC|  |TAMS 0x0000000084a00000| PB 0x0000000084a00000| Complete 
|  75|0x0000000084b00000, 0x0000000084c00000, 0x0000000084c00000|100%|HC|  |TAMS 0x0000000084b00000| PB 0x0000000084b00000| Complete 
|  76|0x0000000084c00000, 0x0000000084d00000, 0x0000000084d00000|100%|HC|  |TAMS 0x0000000084c00000| PB 0x0000000084c00000| Complete 
|  77|0x0000000084d00000, 0x0000000084e00000, 0x0000000084e00000|100%|HC|  |TAMS 0x0000000084d00000| PB 0x0000000084d00000| Complete 
|  78|0x0000000084e00000, 0x0000000084f00000, 0x0000000084f00000|100%|HC|  |TAMS 0x0000000084e00000| PB 0x0000000084e00000| Complete 
|  79|0x0000000084f00000, 0x0000000085000000, 0x0000000085000000|100%|HS|  |TAMS 0x0000000084f00000| PB 0x0000000084f00000| Complete 
|  80|0x0000000085000000, 0x0000000085100000, 0x0000000085100000|100%|HS|  |TAMS 0x0000000085000000| PB 0x0000000085000000| Complete 
|  81|0x0000000085100000, 0x0000000085200000, 0x0000000085200000|100%| O|  |TAMS 0x0000000085100000| PB 0x0000000085100000| Untracked 
|  82|0x0000000085200000, 0x0000000085300000, 0x0000000085300000|100%| O|  |TAMS 0x0000000085200000| PB 0x0000000085200000| Untracked 
|  83|0x0000000085300000, 0x0000000085400000, 0x0000000085400000|100%| O|  |TAMS 0x0000000085300000| PB 0x0000000085300000| Untracked 
|  84|0x0000000085400000, 0x0000000085500000, 0x0000000085500000|100%| O|  |TAMS 0x0000000085400000| PB 0x0000000085400000| Untracked 
|  85|0x0000000085500000, 0x0000000085600000, 0x0000000085600000|100%| O|  |TAMS 0x0000000085500000| PB 0x0000000085500000| Untracked 
|  86|0x0000000085600000, 0x0000000085700000, 0x0000000085700000|100%| O|  |TAMS 0x0000000085600000| PB 0x0000000085600000| Untracked 
|  87|0x0000000085700000, 0x0000000085800000, 0x0000000085800000|100%| O|  |TAMS 0x0000000085700000| PB 0x0000000085700000| Untracked 
|  88|0x0000000085800000, 0x0000000085900000, 0x0000000085900000|100%| O|  |TAMS 0x0000000085800000| PB 0x0000000085800000| Untracked 
|  89|0x0000000085900000, 0x0000000085a00000, 0x0000000085a00000|100%|HS|  |TAMS 0x0000000085900000| PB 0x0000000085900000| Complete 
|  90|0x0000000085a00000, 0x0000000085b00000, 0x0000000085b00000|100%|HC|  |TAMS 0x0000000085a00000| PB 0x0000000085a00000| Complete 
|  91|0x0000000085b00000, 0x0000000085c00000, 0x0000000085c00000|100%|HC|  |TAMS 0x0000000085b00000| PB 0x0000000085b00000| Complete 
|  92|0x0000000085c00000, 0x0000000085d00000, 0x0000000085d00000|100%|HC|  |TAMS 0x0000000085c00000| PB 0x0000000085c00000| Complete 
|  93|0x0000000085d00000, 0x0000000085e00000, 0x0000000085e00000|100%|HC|  |TAMS 0x0000000085d00000| PB 0x0000000085d00000| Complete 
|  94|0x0000000085e00000, 0x0000000085f00000, 0x0000000085f00000|100%|HC|  |TAMS 0x0000000085e00000| PB 0x0000000085e00000| Complete 
|  95|0x0000000085f00000, 0x0000000086000000, 0x0000000086000000|100%| O|  |TAMS 0x0000000085f00000| PB 0x0000000085f00000| Untracked 
|  96|0x0000000086000000, 0x0000000086100000, 0x0000000086100000|100%| O|  |TAMS 0x0000000086000000| PB 0x0000000086000000| Untracked 
|  97|0x0000000086100000, 0x0000000086200000, 0x0000000086200000|100%| O|  |TAMS 0x0000000086100000| PB 0x0000000086100000| Untracked 
|  98|0x0000000086200000, 0x0000000086300000, 0x0000000086300000|100%| O|  |TAMS 0x0000000086200000| PB 0x0000000086200000| Untracked 
|  99|0x0000000086300000, 0x0000000086400000, 0x0000000086400000|100%| O|  |TAMS 0x0000000086300000| PB 0x0000000086300000| Untracked 
| 100|0x0000000086400000, 0x0000000086500000, 0x0000000086500000|100%| O|  |TAMS 0x0000000086400000| PB 0x0000000086400000| Untracked 
| 101|0x0000000086500000, 0x0000000086600000, 0x0000000086600000|100%| O|  |TAMS 0x0000000086500000| PB 0x0000000086500000| Untracked 
| 102|0x0000000086600000, 0x0000000086700000, 0x0000000086700000|100%| O|  |TAMS 0x0000000086600000| PB 0x0000000086600000| Untracked 
| 103|0x0000000086700000, 0x0000000086800000, 0x0000000086800000|100%| O|  |TAMS 0x0000000086700000| PB 0x0000000086700000| Untracked 
| 104|0x0000000086800000, 0x0000000086900000, 0x0000000086900000|100%| O|  |TAMS 0x0000000086800000| PB 0x0000000086800000| Untracked 
| 105|0x0000000086900000, 0x0000000086a00000, 0x0000000086a00000|100%| O|  |TAMS 0x0000000086900000| PB 0x0000000086900000| Untracked 
| 106|0x0000000086a00000, 0x0000000086b00000, 0x0000000086b00000|100%| O|  |TAMS 0x0000000086a00000| PB 0x0000000086a00000| Untracked 
| 107|0x0000000086b00000, 0x0000000086c00000, 0x0000000086c00000|100%| O|  |TAMS 0x0000000086b00000| PB 0x0000000086b00000| Untracked 
| 108|0x0000000086c00000, 0x0000000086d00000, 0x0000000086d00000|100%| O|  |TAMS 0x0000000086c00000| PB 0x0000000086c00000| Untracked 
| 109|0x0000000086d00000, 0x0000000086e00000, 0x0000000086e00000|100%| O|  |TAMS 0x0000000086d00000| PB 0x0000000086d00000| Untracked 
| 110|0x0000000086e00000, 0x0000000086f00000, 0x0000000086f00000|100%| O|  |TAMS 0x0000000086e00000| PB 0x0000000086e00000| Untracked 
| 111|0x0000000086f00000, 0x0000000087000000, 0x0000000087000000|100%| O|  |TAMS 0x0000000086f00000| PB 0x0000000086f00000| Untracked 
| 112|0x0000000087000000, 0x0000000087100000, 0x0000000087100000|100%| O|  |TAMS 0x0000000087000000| PB 0x0000000087000000| Untracked 
| 113|0x0000000087100000, 0x0000000087200000, 0x0000000087200000|100%| O|  |TAMS 0x0000000087100000| PB 0x0000000087100000| Untracked 
| 114|0x0000000087200000, 0x0000000087300000, 0x0000000087300000|100%| O|  |TAMS 0x0000000087200000| PB 0x0000000087200000| Untracked 
| 115|0x0000000087300000, 0x0000000087400000, 0x0000000087400000|100%| O|  |TAMS 0x0000000087300000| PB 0x0000000087300000| Untracked 
| 116|0x0000000087400000, 0x0000000087500000, 0x0000000087500000|100%|HS|  |TAMS 0x0000000087400000| PB 0x0000000087400000| Complete 
| 117|0x0000000087500000, 0x0000000087600000, 0x0000000087600000|100%|HC|  |TAMS 0x0000000087500000| PB 0x0000000087500000| Complete 
| 118|0x0000000087600000, 0x0000000087700000, 0x0000000087700000|100%| O|  |TAMS 0x0000000087600000| PB 0x0000000087600000| Untracked 
| 119|0x0000000087700000, 0x0000000087800000, 0x0000000087800000|100%| O|  |TAMS 0x0000000087700000| PB 0x0000000087700000| Untracked 
| 120|0x0000000087800000, 0x0000000087800000, 0x0000000087900000|  0%| F|  |TAMS 0x0000000087800000| PB 0x0000000087800000| Untracked 
| 121|0x0000000087900000, 0x0000000087a00000, 0x0000000087a00000|100%| O|  |TAMS 0x0000000087900000| PB 0x0000000087900000| Untracked 
| 122|0x0000000087a00000, 0x0000000087b00000, 0x0000000087b00000|100%| O|  |TAMS 0x0000000087a00000| PB 0x0000000087a00000| Untracked 
| 123|0x0000000087b00000, 0x0000000087c00000, 0x0000000087c00000|100%| O|  |TAMS 0x0000000087b00000| PB 0x0000000087b00000| Untracked 
| 124|0x0000000087c00000, 0x0000000087d00000, 0x0000000087d00000|100%| O|  |TAMS 0x0000000087c00000| PB 0x0000000087c00000| Untracked 
| 125|0x0000000087d00000, 0x0000000087e00000, 0x0000000087e00000|100%|HS|  |TAMS 0x0000000087d00000| PB 0x0000000087d00000| Complete 
| 126|0x0000000087e00000, 0x0000000087f00000, 0x0000000087f00000|100%| O|  |TAMS 0x0000000087e00000| PB 0x0000000087e00000| Untracked 
| 127|0x0000000087f00000, 0x0000000088000000, 0x0000000088000000|100%| O|  |TAMS 0x0000000087f00000| PB 0x0000000087f00000| Untracked 
| 128|0x0000000088000000, 0x0000000088100000, 0x0000000088100000|100%| O|  |TAMS 0x0000000088000000| PB 0x0000000088000000| Untracked 
| 129|0x0000000088100000, 0x0000000088200000, 0x0000000088200000|100%|HS|  |TAMS 0x0000000088100000| PB 0x0000000088100000| Complete 
| 130|0x0000000088200000, 0x0000000088300000, 0x0000000088300000|100%| O|  |TAMS 0x0000000088200000| PB 0x0000000088200000| Untracked 
| 131|0x0000000088300000, 0x0000000088300000, 0x0000000088400000|  0%| F|  |TAMS 0x0000000088300000| PB 0x0000000088300000| Untracked 
| 132|0x0000000088400000, 0x0000000088500000, 0x0000000088500000|100%| O|  |TAMS 0x0000000088400000| PB 0x0000000088400000| Untracked 
| 133|0x0000000088500000, 0x0000000088600000, 0x0000000088600000|100%|HS|  |TAMS 0x0000000088500000| PB 0x0000000088500000| Complete 
| 134|0x0000000088600000, 0x0000000088700000, 0x0000000088700000|100%| O|  |TAMS 0x0000000088600000| PB 0x0000000088600000| Untracked 
| 135|0x0000000088700000, 0x0000000088800000, 0x0000000088800000|100%| O|  |TAMS 0x0000000088700000| PB 0x0000000088700000| Untracked 
| 136|0x0000000088800000, 0x0000000088900000, 0x0000000088900000|100%| O|  |TAMS 0x0000000088800000| PB 0x0000000088800000| Untracked 
| 137|0x0000000088900000, 0x0000000088a00000, 0x0000000088a00000|100%| O|  |TAMS 0x0000000088900000| PB 0x0000000088900000| Untracked 
| 138|0x0000000088a00000, 0x0000000088b00000, 0x0000000088b00000|100%| O|  |TAMS 0x0000000088a00000| PB 0x0000000088a00000| Untracked 
| 139|0x0000000088b00000, 0x0000000088b00000, 0x0000000088c00000|  0%| F|  |TAMS 0x0000000088b00000| PB 0x0000000088b00000| Untracked 
| 140|0x0000000088c00000, 0x0000000088d00000, 0x0000000088d00000|100%| O|  |TAMS 0x0000000088c00000| PB 0x0000000088c00000| Untracked 
| 141|0x0000000088d00000, 0x0000000088e00000, 0x0000000088e00000|100%| O|  |TAMS 0x0000000088d00000| PB 0x0000000088d00000| Untracked 
| 142|0x0000000088e00000, 0x0000000088f00000, 0x0000000088f00000|100%| O|  |TAMS 0x0000000088e00000| PB 0x0000000088e00000| Untracked 
| 143|0x0000000088f00000, 0x0000000089000000, 0x0000000089000000|100%| O|  |TAMS 0x0000000088f00000| PB 0x0000000088f00000| Untracked 
| 144|0x0000000089000000, 0x0000000089100000, 0x0000000089100000|100%| O|  |TAMS 0x0000000089000000| PB 0x0000000089000000| Untracked 
| 145|0x0000000089100000, 0x0000000089200000, 0x0000000089200000|100%| O|  |TAMS 0x0000000089100000| PB 0x0000000089100000| Untracked 
| 146|0x0000000089200000, 0x0000000089300000, 0x0000000089300000|100%| O|  |TAMS 0x0000000089200000| PB 0x0000000089200000| Untracked 
| 147|0x0000000089300000, 0x0000000089400000, 0x0000000089400000|100%| O|  |TAMS 0x0000000089300000| PB 0x0000000089300000| Untracked 
| 148|0x0000000089400000, 0x0000000089500000, 0x0000000089500000|100%| O|  |TAMS 0x0000000089400000| PB 0x0000000089400000| Untracked 
| 149|0x0000000089500000, 0x0000000089600000, 0x0000000089600000|100%| O|  |TAMS 0x0000000089500000| PB 0x0000000089500000| Untracked 
| 150|0x0000000089600000, 0x0000000089700000, 0x0000000089700000|100%| O|  |TAMS 0x0000000089600000| PB 0x0000000089600000| Untracked 
| 151|0x0000000089700000, 0x0000000089800000, 0x0000000089800000|100%|HS|  |TAMS 0x0000000089700000| PB 0x0000000089700000| Complete 
| 152|0x0000000089800000, 0x0000000089900000, 0x0000000089900000|100%|HC|  |TAMS 0x0000000089800000| PB 0x0000000089800000| Complete 
| 153|0x0000000089900000, 0x0000000089a00000, 0x0000000089a00000|100%|HS|  |TAMS 0x0000000089900000| PB 0x0000000089900000| Complete 
| 154|0x0000000089a00000, 0x0000000089b00000, 0x0000000089b00000|100%|HC|  |TAMS 0x0000000089a00000| PB 0x0000000089a00000| Complete 
| 155|0x0000000089b00000, 0x0000000089c00000, 0x0000000089c00000|100%|HC|  |TAMS 0x0000000089b00000| PB 0x0000000089b00000| Complete 
| 156|0x0000000089c00000, 0x0000000089d00000, 0x0000000089d00000|100%| O|  |TAMS 0x0000000089c00000| PB 0x0000000089c00000| Untracked 
| 157|0x0000000089d00000, 0x0000000089e00000, 0x0000000089e00000|100%| O|  |TAMS 0x0000000089d00000| PB 0x0000000089d00000| Untracked 
| 158|0x0000000089e00000, 0x0000000089f00000, 0x0000000089f00000|100%| O|  |TAMS 0x0000000089e00000| PB 0x0000000089e00000| Untracked 
| 159|0x0000000089f00000, 0x000000008a000000, 0x000000008a000000|100%| O|  |TAMS 0x0000000089f00000| PB 0x0000000089f00000| Untracked 
| 160|0x000000008a000000, 0x000000008a100000, 0x000000008a100000|100%| O|  |TAMS 0x000000008a000000| PB 0x000000008a000000| Untracked 
| 161|0x000000008a100000, 0x000000008a200000, 0x000000008a200000|100%| O|  |TAMS 0x000000008a100000| PB 0x000000008a100000| Untracked 
| 162|0x000000008a200000, 0x000000008a300000, 0x000000008a300000|100%| O|  |TAMS 0x000000008a200000| PB 0x000000008a200000| Untracked 
| 163|0x000000008a300000, 0x000000008a400000, 0x000000008a400000|100%| O|  |TAMS 0x000000008a300000| PB 0x000000008a300000| Untracked 
| 164|0x000000008a400000, 0x000000008a500000, 0x000000008a500000|100%| O|  |TAMS 0x000000008a400000| PB 0x000000008a400000| Untracked 
| 165|0x000000008a500000, 0x000000008a500000, 0x000000008a600000|  0%| F|  |TAMS 0x000000008a500000| PB 0x000000008a500000| Untracked 
| 166|0x000000008a600000, 0x000000008a700000, 0x000000008a700000|100%| O|  |TAMS 0x000000008a600000| PB 0x000000008a600000| Untracked 
| 167|0x000000008a700000, 0x000000008a800000, 0x000000008a800000|100%| O|  |TAMS 0x000000008a700000| PB 0x000000008a700000| Untracked 
| 168|0x000000008a800000, 0x000000008a900000, 0x000000008a900000|100%| O|  |TAMS 0x000000008a800000| PB 0x000000008a800000| Untracked 
| 169|0x000000008a900000, 0x000000008aa00000, 0x000000008aa00000|100%| O|  |TAMS 0x000000008a900000| PB 0x000000008a900000| Untracked 
| 170|0x000000008aa00000, 0x000000008ab00000, 0x000000008ab00000|100%| O|  |TAMS 0x000000008aa00000| PB 0x000000008aa00000| Untracked 
| 171|0x000000008ab00000, 0x000000008ac00000, 0x000000008ac00000|100%| O|  |TAMS 0x000000008ab00000| PB 0x000000008ab00000| Untracked 
| 172|0x000000008ac00000, 0x000000008ad00000, 0x000000008ad00000|100%| O|  |TAMS 0x000000008ac00000| PB 0x000000008ac00000| Untracked 
| 173|0x000000008ad00000, 0x000000008ae00000, 0x000000008ae00000|100%| O|  |TAMS 0x000000008ad00000| PB 0x000000008ad00000| Untracked 
| 174|0x000000008ae00000, 0x000000008af00000, 0x000000008af00000|100%| O|  |TAMS 0x000000008ae00000| PB 0x000000008ae00000| Untracked 
| 175|0x000000008af00000, 0x000000008b000000, 0x000000008b000000|100%| O|  |TAMS 0x000000008af00000| PB 0x000000008af00000| Untracked 
| 176|0x000000008b000000, 0x000000008b100000, 0x000000008b100000|100%| O|  |TAMS 0x000000008b000000| PB 0x000000008b000000| Untracked 
| 177|0x000000008b100000, 0x000000008b200000, 0x000000008b200000|100%| O|  |TAMS 0x000000008b100000| PB 0x000000008b100000| Untracked 
| 178|0x000000008b200000, 0x000000008b300000, 0x000000008b300000|100%| O|  |TAMS 0x000000008b200000| PB 0x000000008b200000| Untracked 
| 179|0x000000008b300000, 0x000000008b400000, 0x000000008b400000|100%| O|  |TAMS 0x000000008b300000| PB 0x000000008b300000| Untracked 
| 180|0x000000008b400000, 0x000000008b500000, 0x000000008b500000|100%| O|  |TAMS 0x000000008b400000| PB 0x000000008b400000| Untracked 
| 181|0x000000008b500000, 0x000000008b600000, 0x000000008b600000|100%|HS|  |TAMS 0x000000008b500000| PB 0x000000008b500000| Complete 
| 182|0x000000008b600000, 0x000000008b700000, 0x000000008b700000|100%|HC|  |TAMS 0x000000008b600000| PB 0x000000008b600000| Complete 
| 183|0x000000008b700000, 0x000000008b800000, 0x000000008b800000|100%|HS|  |TAMS 0x000000008b700000| PB 0x000000008b700000| Complete 
| 184|0x000000008b800000, 0x000000008b900000, 0x000000008b900000|100%|HS|  |TAMS 0x000000008b800000| PB 0x000000008b800000| Complete 
| 185|0x000000008b900000, 0x000000008ba00000, 0x000000008ba00000|100%| O|  |TAMS 0x000000008b900000| PB 0x000000008b900000| Untracked 
| 186|0x000000008ba00000, 0x000000008bb00000, 0x000000008bb00000|100%|HS|  |TAMS 0x000000008ba00000| PB 0x000000008ba00000| Complete 
| 187|0x000000008bb00000, 0x000000008bc00000, 0x000000008bc00000|100%| O|  |TAMS 0x000000008bb00000| PB 0x000000008bb00000| Untracked 
| 188|0x000000008bc00000, 0x000000008bd00000, 0x000000008bd00000|100%| O|  |TAMS 0x000000008bc00000| PB 0x000000008bc00000| Untracked 
| 189|0x000000008bd00000, 0x000000008be00000, 0x000000008be00000|100%|HS|  |TAMS 0x000000008bd00000| PB 0x000000008bd00000| Complete 
| 190|0x000000008be00000, 0x000000008bf00000, 0x000000008bf00000|100%|HC|  |TAMS 0x000000008be00000| PB 0x000000008be00000| Complete 
| 191|0x000000008bf00000, 0x000000008c000000, 0x000000008c000000|100%|HC|  |TAMS 0x000000008bf00000| PB 0x000000008bf00000| Complete 
| 192|0x000000008c000000, 0x000000008c100000, 0x000000008c100000|100%| O|  |TAMS 0x000000008c000000| PB 0x000000008c000000| Untracked 
| 193|0x000000008c100000, 0x000000008c200000, 0x000000008c200000|100%|HS|  |TAMS 0x000000008c100000| PB 0x000000008c100000| Complete 
| 194|0x000000008c200000, 0x000000008c300000, 0x000000008c300000|100%| O|  |TAMS 0x000000008c200000| PB 0x000000008c200000| Untracked 
| 195|0x000000008c300000, 0x000000008c400000, 0x000000008c400000|100%| O|  |TAMS 0x000000008c300000| PB 0x000000008c300000| Untracked 
| 196|0x000000008c400000, 0x000000008c500000, 0x000000008c500000|100%| O|  |TAMS 0x000000008c400000| PB 0x000000008c400000| Untracked 
| 197|0x000000008c500000, 0x000000008c600000, 0x000000008c600000|100%| O|  |TAMS 0x000000008c500000| PB 0x000000008c500000| Untracked 
| 198|0x000000008c600000, 0x000000008c700000, 0x000000008c700000|100%| O|  |TAMS 0x000000008c600000| PB 0x000000008c600000| Untracked 
| 199|0x000000008c700000, 0x000000008c800000, 0x000000008c800000|100%| O|  |TAMS 0x000000008c700000| PB 0x000000008c700000| Untracked 
| 200|0x000000008c800000, 0x000000008c900000, 0x000000008c900000|100%| O|  |TAMS 0x000000008c800000| PB 0x000000008c800000| Untracked 
| 201|0x000000008c900000, 0x000000008ca00000, 0x000000008ca00000|100%| O|  |TAMS 0x000000008c900000| PB 0x000000008c900000| Untracked 
| 202|0x000000008ca00000, 0x000000008cb00000, 0x000000008cb00000|100%| O|  |TAMS 0x000000008ca00000| PB 0x000000008ca00000| Untracked 
| 203|0x000000008cb00000, 0x000000008cc00000, 0x000000008cc00000|100%| O|  |TAMS 0x000000008cb00000| PB 0x000000008cb00000| Untracked 
| 204|0x000000008cc00000, 0x000000008cc00000, 0x000000008cd00000|  0%| F|  |TAMS 0x000000008cc00000| PB 0x000000008cc00000| Untracked 
| 205|0x000000008cd00000, 0x000000008cd00000, 0x000000008ce00000|  0%| F|  |TAMS 0x000000008cd00000| PB 0x000000008cd00000| Untracked 
| 206|0x000000008ce00000, 0x000000008cf00000, 0x000000008cf00000|100%| O|  |TAMS 0x000000008ce00000| PB 0x000000008ce00000| Untracked 
| 207|0x000000008cf00000, 0x000000008d000000, 0x000000008d000000|100%| O|  |TAMS 0x000000008cf00000| PB 0x000000008cf00000| Untracked 
| 208|0x000000008d000000, 0x000000008d100000, 0x000000008d100000|100%| O|  |TAMS 0x000000008d000000| PB 0x000000008d000000| Untracked 
| 209|0x000000008d100000, 0x000000008d100000, 0x000000008d200000|  0%| F|  |TAMS 0x000000008d100000| PB 0x000000008d100000| Untracked 
| 210|0x000000008d200000, 0x000000008d300000, 0x000000008d300000|100%| O|  |TAMS 0x000000008d200000| PB 0x000000008d200000| Untracked 
| 211|0x000000008d300000, 0x000000008d400000, 0x000000008d400000|100%| O|  |TAMS 0x000000008d300000| PB 0x000000008d300000| Untracked 
| 212|0x000000008d400000, 0x000000008d500000, 0x000000008d500000|100%| O|  |TAMS 0x000000008d400000| PB 0x000000008d400000| Untracked 
| 213|0x000000008d500000, 0x000000008d600000, 0x000000008d600000|100%| O|  |TAMS 0x000000008d500000| PB 0x000000008d500000| Untracked 
| 214|0x000000008d600000, 0x000000008d700000, 0x000000008d700000|100%| O|  |TAMS 0x000000008d600000| PB 0x000000008d600000| Untracked 
| 215|0x000000008d700000, 0x000000008d800000, 0x000000008d800000|100%| O|  |TAMS 0x000000008d700000| PB 0x000000008d700000| Untracked 
| 216|0x000000008d800000, 0x000000008d900000, 0x000000008d900000|100%| O|  |TAMS 0x000000008d800000| PB 0x000000008d800000| Untracked 
| 217|0x000000008d900000, 0x000000008da00000, 0x000000008da00000|100%| O|  |TAMS 0x000000008d900000| PB 0x000000008d900000| Untracked 
| 218|0x000000008da00000, 0x000000008db00000, 0x000000008db00000|100%| O|  |TAMS 0x000000008da00000| PB 0x000000008da00000| Untracked 
| 219|0x000000008db00000, 0x000000008dc00000, 0x000000008dc00000|100%| O|  |TAMS 0x000000008db00000| PB 0x000000008db00000| Untracked 
| 220|0x000000008dc00000, 0x000000008dd00000, 0x000000008dd00000|100%| O|  |TAMS 0x000000008dc00000| PB 0x000000008dc00000| Untracked 
| 221|0x000000008dd00000, 0x000000008de00000, 0x000000008de00000|100%| O|  |TAMS 0x000000008dd00000| PB 0x000000008dd00000| Untracked 
| 222|0x000000008de00000, 0x000000008df00000, 0x000000008df00000|100%| O|  |TAMS 0x000000008de00000| PB 0x000000008de00000| Untracked 
| 223|0x000000008df00000, 0x000000008e000000, 0x000000008e000000|100%| O|  |TAMS 0x000000008df00000| PB 0x000000008df00000| Untracked 
| 224|0x000000008e000000, 0x000000008e100000, 0x000000008e100000|100%| O|  |TAMS 0x000000008e000000| PB 0x000000008e000000| Untracked 
| 225|0x000000008e100000, 0x000000008e200000, 0x000000008e200000|100%| O|  |TAMS 0x000000008e100000| PB 0x000000008e100000| Untracked 
| 226|0x000000008e200000, 0x000000008e300000, 0x000000008e300000|100%| O|  |TAMS 0x000000008e200000| PB 0x000000008e200000| Untracked 
| 227|0x000000008e300000, 0x000000008e400000, 0x000000008e400000|100%| O|  |TAMS 0x000000008e300000| PB 0x000000008e300000| Untracked 
| 228|0x000000008e400000, 0x000000008e500000, 0x000000008e500000|100%| O|  |TAMS 0x000000008e400000| PB 0x000000008e400000| Untracked 
| 229|0x000000008e500000, 0x000000008e600000, 0x000000008e600000|100%| O|  |TAMS 0x000000008e500000| PB 0x000000008e500000| Untracked 
| 230|0x000000008e600000, 0x000000008e700000, 0x000000008e700000|100%| O|  |TAMS 0x000000008e600000| PB 0x000000008e600000| Untracked 
| 231|0x000000008e700000, 0x000000008e800000, 0x000000008e800000|100%| O|  |TAMS 0x000000008e700000| PB 0x000000008e700000| Untracked 
| 232|0x000000008e800000, 0x000000008e900000, 0x000000008e900000|100%| O|  |TAMS 0x000000008e800000| PB 0x000000008e800000| Untracked 
| 233|0x000000008e900000, 0x000000008ea00000, 0x000000008ea00000|100%| O|  |TAMS 0x000000008e900000| PB 0x000000008e900000| Untracked 
| 234|0x000000008ea00000, 0x000000008eb00000, 0x000000008eb00000|100%| O|  |TAMS 0x000000008ea00000| PB 0x000000008ea00000| Untracked 
| 235|0x000000008eb00000, 0x000000008ec00000, 0x000000008ec00000|100%| O|  |TAMS 0x000000008eb00000| PB 0x000000008eb00000| Untracked 
| 236|0x000000008ec00000, 0x000000008ed00000, 0x000000008ed00000|100%| O|  |TAMS 0x000000008ec00000| PB 0x000000008ec00000| Untracked 
| 237|0x000000008ed00000, 0x000000008ee00000, 0x000000008ee00000|100%| O|  |TAMS 0x000000008ed00000| PB 0x000000008ed00000| Untracked 
| 238|0x000000008ee00000, 0x000000008ef00000, 0x000000008ef00000|100%| O|  |TAMS 0x000000008ee00000| PB 0x000000008ee00000| Untracked 
| 239|0x000000008ef00000, 0x000000008f000000, 0x000000008f000000|100%| O|  |TAMS 0x000000008ef00000| PB 0x000000008ef00000| Untracked 
| 240|0x000000008f000000, 0x000000008f100000, 0x000000008f100000|100%| O|  |TAMS 0x000000008f000000| PB 0x000000008f000000| Untracked 
| 241|0x000000008f100000, 0x000000008f200000, 0x000000008f200000|100%| O|  |TAMS 0x000000008f100000| PB 0x000000008f100000| Untracked 
| 242|0x000000008f200000, 0x000000008f300000, 0x000000008f300000|100%| O|  |TAMS 0x000000008f200000| PB 0x000000008f200000| Untracked 
| 243|0x000000008f300000, 0x000000008f400000, 0x000000008f400000|100%| O|  |TAMS 0x000000008f300000| PB 0x000000008f300000| Untracked 
| 244|0x000000008f400000, 0x000000008f500000, 0x000000008f500000|100%| O|  |TAMS 0x000000008f400000| PB 0x000000008f400000| Untracked 
| 245|0x000000008f500000, 0x000000008f600000, 0x000000008f600000|100%| O|  |TAMS 0x000000008f500000| PB 0x000000008f500000| Untracked 
| 246|0x000000008f600000, 0x000000008f700000, 0x000000008f700000|100%| O|  |TAMS 0x000000008f600000| PB 0x000000008f600000| Untracked 
| 247|0x000000008f700000, 0x000000008f800000, 0x000000008f800000|100%| O|  |TAMS 0x000000008f700000| PB 0x000000008f700000| Untracked 
| 248|0x000000008f800000, 0x000000008f800000, 0x000000008f900000|  0%| F|  |TAMS 0x000000008f800000| PB 0x000000008f800000| Untracked 
| 249|0x000000008f900000, 0x000000008fa00000, 0x000000008fa00000|100%| O|  |TAMS 0x000000008f900000| PB 0x000000008f900000| Untracked 
| 250|0x000000008fa00000, 0x000000008fb00000, 0x000000008fb00000|100%| O|  |TAMS 0x000000008fa00000| PB 0x000000008fa00000| Untracked 
| 251|0x000000008fb00000, 0x000000008fc00000, 0x000000008fc00000|100%| O|  |TAMS 0x000000008fb00000| PB 0x000000008fb00000| Untracked 
| 252|0x000000008fc00000, 0x000000008fc00000, 0x000000008fd00000|  0%| F|  |TAMS 0x000000008fc00000| PB 0x000000008fc00000| Untracked 
| 253|0x000000008fd00000, 0x000000008fd00000, 0x000000008fe00000|  0%| F|  |TAMS 0x000000008fd00000| PB 0x000000008fd00000| Untracked 
| 254|0x000000008fe00000, 0x000000008fe00000, 0x000000008ff00000|  0%| F|  |TAMS 0x000000008fe00000| PB 0x000000008fe00000| Untracked 
| 255|0x000000008ff00000, 0x000000008ff00000, 0x0000000090000000|  0%| F|  |TAMS 0x000000008ff00000| PB 0x000000008ff00000| Untracked 
| 256|0x0000000090000000, 0x0000000090000000, 0x0000000090100000|  0%| F|  |TAMS 0x0000000090000000| PB 0x0000000090000000| Untracked 
| 257|0x0000000090100000, 0x0000000090100000, 0x0000000090200000|  0%| F|  |TAMS 0x0000000090100000| PB 0x0000000090100000| Untracked 
| 258|0x0000000090200000, 0x0000000090300000, 0x0000000090300000|100%| O|  |TAMS 0x0000000090200000| PB 0x0000000090200000| Untracked 
| 259|0x0000000090300000, 0x0000000090400000, 0x0000000090400000|100%| O|  |TAMS 0x0000000090300000| PB 0x0000000090300000| Untracked 
| 260|0x0000000090400000, 0x0000000090500000, 0x0000000090500000|100%| O|  |TAMS 0x0000000090400000| PB 0x0000000090400000| Untracked 
| 261|0x0000000090500000, 0x0000000090600000, 0x0000000090600000|100%| O|  |TAMS 0x0000000090500000| PB 0x0000000090500000| Untracked 
| 262|0x0000000090600000, 0x0000000090700000, 0x0000000090700000|100%| O|  |TAMS 0x0000000090600000| PB 0x0000000090600000| Untracked 
| 263|0x0000000090700000, 0x0000000090800000, 0x0000000090800000|100%| O|  |TAMS 0x0000000090700000| PB 0x0000000090700000| Untracked 
| 264|0x0000000090800000, 0x0000000090900000, 0x0000000090900000|100%| O|  |TAMS 0x0000000090800000| PB 0x0000000090800000| Untracked 
| 265|0x0000000090900000, 0x0000000090a00000, 0x0000000090a00000|100%| O|  |TAMS 0x0000000090900000| PB 0x0000000090900000| Untracked 
| 266|0x0000000090a00000, 0x0000000090b00000, 0x0000000090b00000|100%| O|  |TAMS 0x0000000090a00000| PB 0x0000000090a00000| Untracked 
| 267|0x0000000090b00000, 0x0000000090c00000, 0x0000000090c00000|100%| O|  |TAMS 0x0000000090b00000| PB 0x0000000090b00000| Untracked 
| 268|0x0000000090c00000, 0x0000000090d00000, 0x0000000090d00000|100%| O|  |TAMS 0x0000000090c00000| PB 0x0000000090c00000| Untracked 
| 269|0x0000000090d00000, 0x0000000090e00000, 0x0000000090e00000|100%| O|  |TAMS 0x0000000090d00000| PB 0x0000000090d00000| Untracked 
| 270|0x0000000090e00000, 0x0000000090f00000, 0x0000000090f00000|100%| O|  |TAMS 0x0000000090e00000| PB 0x0000000090e00000| Untracked 
| 271|0x0000000090f00000, 0x0000000091000000, 0x0000000091000000|100%| O|  |TAMS 0x0000000090f00000| PB 0x0000000090f00000| Untracked 
| 272|0x0000000091000000, 0x0000000091100000, 0x0000000091100000|100%| O|  |TAMS 0x0000000091000000| PB 0x0000000091000000| Untracked 
| 273|0x0000000091100000, 0x0000000091200000, 0x0000000091200000|100%| O|  |TAMS 0x0000000091100000| PB 0x0000000091100000| Untracked 
| 274|0x0000000091200000, 0x0000000091300000, 0x0000000091300000|100%| O|  |TAMS 0x0000000091200000| PB 0x0000000091200000| Untracked 
| 275|0x0000000091300000, 0x0000000091376fa0, 0x0000000091400000| 46%| O|  |TAMS 0x0000000091300000| PB 0x0000000091300000| Untracked 
| 276|0x0000000091400000, 0x0000000091400000, 0x0000000091500000|  0%| F|  |TAMS 0x0000000091400000| PB 0x0000000091400000| Untracked 
| 277|0x0000000091500000, 0x0000000091500000, 0x0000000091600000|  0%| F|  |TAMS 0x0000000091500000| PB 0x0000000091500000| Untracked 
| 278|0x0000000091600000, 0x0000000091700000, 0x0000000091700000|100%| O|  |TAMS 0x0000000091600000| PB 0x0000000091600000| Untracked 
| 279|0x0000000091700000, 0x0000000091800000, 0x0000000091800000|100%| O|  |TAMS 0x0000000091700000| PB 0x0000000091700000| Untracked 
| 280|0x0000000091800000, 0x0000000091900000, 0x0000000091900000|100%| O|  |TAMS 0x0000000091800000| PB 0x0000000091800000| Untracked 
| 281|0x0000000091900000, 0x0000000091a00000, 0x0000000091a00000|100%| O|  |TAMS 0x0000000091900000| PB 0x0000000091900000| Untracked 
| 282|0x0000000091a00000, 0x0000000091b00000, 0x0000000091b00000|100%| O|  |TAMS 0x0000000091a00000| PB 0x0000000091a00000| Untracked 
| 283|0x0000000091b00000, 0x0000000091c00000, 0x0000000091c00000|100%| O|  |TAMS 0x0000000091b00000| PB 0x0000000091b00000| Untracked 
| 284|0x0000000091c00000, 0x0000000091d00000, 0x0000000091d00000|100%| O|  |TAMS 0x0000000091c00000| PB 0x0000000091c00000| Untracked 
| 285|0x0000000091d00000, 0x0000000091d00000, 0x0000000091e00000|  0%| F|  |TAMS 0x0000000091d00000| PB 0x0000000091d00000| Untracked 
| 286|0x0000000091e00000, 0x0000000091e00000, 0x0000000091f00000|  0%| F|  |TAMS 0x0000000091e00000| PB 0x0000000091e00000| Untracked 
| 287|0x0000000091f00000, 0x0000000091f00000, 0x0000000092000000|  0%| F|  |TAMS 0x0000000091f00000| PB 0x0000000091f00000| Untracked 
| 288|0x0000000092000000, 0x0000000092000000, 0x0000000092100000|  0%| F|  |TAMS 0x0000000092000000| PB 0x0000000092000000| Untracked 
| 289|0x0000000092100000, 0x0000000092100000, 0x0000000092200000|  0%| F|  |TAMS 0x0000000092100000| PB 0x0000000092100000| Untracked 
| 290|0x0000000092200000, 0x0000000092200000, 0x0000000092300000|  0%| F|  |TAMS 0x0000000092200000| PB 0x0000000092200000| Untracked 
| 291|0x0000000092300000, 0x0000000092400000, 0x0000000092400000|100%| O|  |TAMS 0x0000000092300000| PB 0x0000000092300000| Untracked 
| 292|0x0000000092400000, 0x0000000092500000, 0x0000000092500000|100%| O|  |TAMS 0x0000000092400000| PB 0x0000000092400000| Untracked 
| 293|0x0000000092500000, 0x0000000092600000, 0x0000000092600000|100%| O|  |TAMS 0x0000000092500000| PB 0x0000000092500000| Untracked 
| 294|0x0000000092600000, 0x0000000092700000, 0x0000000092700000|100%| O|  |TAMS 0x0000000092600000| PB 0x0000000092600000| Untracked 
| 295|0x0000000092700000, 0x0000000092800000, 0x0000000092800000|100%| O|  |TAMS 0x0000000092700000| PB 0x0000000092700000| Untracked 
| 296|0x0000000092800000, 0x0000000092900000, 0x0000000092900000|100%| O|  |TAMS 0x0000000092800000| PB 0x0000000092800000| Untracked 
| 297|0x0000000092900000, 0x0000000092a00000, 0x0000000092a00000|100%| O|  |TAMS 0x0000000092900000| PB 0x0000000092900000| Untracked 
| 298|0x0000000092a00000, 0x0000000092a00000, 0x0000000092b00000|  0%| F|  |TAMS 0x0000000092a00000| PB 0x0000000092a00000| Untracked 
| 299|0x0000000092b00000, 0x0000000092b00000, 0x0000000092c00000|  0%| F|  |TAMS 0x0000000092b00000| PB 0x0000000092b00000| Untracked 
| 300|0x0000000092c00000, 0x0000000092c00000, 0x0000000092d00000|  0%| F|  |TAMS 0x0000000092c00000| PB 0x0000000092c00000| Untracked 
| 301|0x0000000092d00000, 0x0000000092d00000, 0x0000000092e00000|  0%| F|  |TAMS 0x0000000092d00000| PB 0x0000000092d00000| Untracked 
| 302|0x0000000092e00000, 0x0000000092e00000, 0x0000000092f00000|  0%| F|  |TAMS 0x0000000092e00000| PB 0x0000000092e00000| Untracked 
| 303|0x0000000092f00000, 0x0000000092f00000, 0x0000000093000000|  0%| F|  |TAMS 0x0000000092f00000| PB 0x0000000092f00000| Untracked 
| 304|0x0000000093000000, 0x0000000093000000, 0x0000000093100000|  0%| F|  |TAMS 0x0000000093000000| PB 0x0000000093000000| Untracked 
| 305|0x0000000093100000, 0x0000000093100000, 0x0000000093200000|  0%| F|  |TAMS 0x0000000093100000| PB 0x0000000093100000| Untracked 
| 306|0x0000000093200000, 0x0000000093200000, 0x0000000093300000|  0%| F|  |TAMS 0x0000000093200000| PB 0x0000000093200000| Untracked 
| 307|0x0000000093300000, 0x0000000093300000, 0x0000000093400000|  0%| F|  |TAMS 0x0000000093300000| PB 0x0000000093300000| Untracked 
| 308|0x0000000093400000, 0x0000000093400000, 0x0000000093500000|  0%| F|  |TAMS 0x0000000093400000| PB 0x0000000093400000| Untracked 
| 309|0x0000000093500000, 0x0000000093500000, 0x0000000093600000|  0%| F|  |TAMS 0x0000000093500000| PB 0x0000000093500000| Untracked 
| 310|0x0000000093600000, 0x0000000093700000, 0x0000000093700000|100%| S|CS|TAMS 0x0000000093600000| PB 0x0000000093600000| Complete 
| 311|0x0000000093700000, 0x0000000093800000, 0x0000000093800000|100%| S|CS|TAMS 0x0000000093700000| PB 0x0000000093700000| Complete 
| 312|0x0000000093800000, 0x0000000093900000, 0x0000000093900000|100%| S|CS|TAMS 0x0000000093800000| PB 0x0000000093800000| Complete 
| 313|0x0000000093900000, 0x0000000093a00000, 0x0000000093a00000|100%| S|CS|TAMS 0x0000000093900000| PB 0x0000000093900000| Complete 
| 314|0x0000000093a00000, 0x0000000093b00000, 0x0000000093b00000|100%| S|CS|TAMS 0x0000000093a00000| PB 0x0000000093a00000| Complete 
| 315|0x0000000093b00000, 0x0000000093c00000, 0x0000000093c00000|100%| S|CS|TAMS 0x0000000093b00000| PB 0x0000000093b00000| Complete 
| 316|0x0000000093c00000, 0x0000000093d00000, 0x0000000093d00000|100%| S|CS|TAMS 0x0000000093c00000| PB 0x0000000093c00000| Complete 
| 317|0x0000000093d00000, 0x0000000093e00000, 0x0000000093e00000|100%| S|CS|TAMS 0x0000000093d00000| PB 0x0000000093d00000| Complete 
| 318|0x0000000093e00000, 0x0000000093f00000, 0x0000000093f00000|100%| S|CS|TAMS 0x0000000093e00000| PB 0x0000000093e00000| Complete 
| 319|0x0000000093f00000, 0x0000000094000000, 0x0000000094000000|100%| S|CS|TAMS 0x0000000093f00000| PB 0x0000000093f00000| Complete 
| 320|0x0000000094000000, 0x0000000094100000, 0x0000000094100000|100%| S|CS|TAMS 0x0000000094000000| PB 0x0000000094000000| Complete 
| 321|0x0000000094100000, 0x0000000094200000, 0x0000000094200000|100%| S|CS|TAMS 0x0000000094100000| PB 0x0000000094100000| Complete 
| 322|0x0000000094200000, 0x0000000094300000, 0x0000000094300000|100%| S|CS|TAMS 0x0000000094200000| PB 0x0000000094200000| Complete 
| 323|0x0000000094300000, 0x0000000094400000, 0x0000000094400000|100%| S|CS|TAMS 0x0000000094300000| PB 0x0000000094300000| Complete 
| 324|0x0000000094400000, 0x0000000094500000, 0x0000000094500000|100%| S|CS|TAMS 0x0000000094400000| PB 0x0000000094400000| Complete 
| 325|0x0000000094500000, 0x0000000094600000, 0x0000000094600000|100%| S|CS|TAMS 0x0000000094500000| PB 0x0000000094500000| Complete 
| 326|0x0000000094600000, 0x0000000094700000, 0x0000000094700000|100%| S|CS|TAMS 0x0000000094600000| PB 0x0000000094600000| Complete 
| 327|0x0000000094700000, 0x0000000094800000, 0x0000000094800000|100%| S|CS|TAMS 0x0000000094700000| PB 0x0000000094700000| Complete 
| 328|0x0000000094800000, 0x0000000094900000, 0x0000000094900000|100%| S|CS|TAMS 0x0000000094800000| PB 0x0000000094800000| Complete 
| 329|0x0000000094900000, 0x0000000094900000, 0x0000000094a00000|  0%| F|  |TAMS 0x0000000094900000| PB 0x0000000094900000| Untracked 
| 330|0x0000000094a00000, 0x0000000094a00000, 0x0000000094b00000|  0%| F|  |TAMS 0x0000000094a00000| PB 0x0000000094a00000| Untracked 
| 331|0x0000000094b00000, 0x0000000094b00000, 0x0000000094c00000|  0%| F|  |TAMS 0x0000000094b00000| PB 0x0000000094b00000| Untracked 
| 332|0x0000000094c00000, 0x0000000094c00000, 0x0000000094d00000|  0%| F|  |TAMS 0x0000000094c00000| PB 0x0000000094c00000| Untracked 
| 333|0x0000000094d00000, 0x0000000094d00000, 0x0000000094e00000|  0%| F|  |TAMS 0x0000000094d00000| PB 0x0000000094d00000| Untracked 
| 334|0x0000000094e00000, 0x0000000094e00000, 0x0000000094f00000|  0%| F|  |TAMS 0x0000000094e00000| PB 0x0000000094e00000| Untracked 
| 335|0x0000000094f00000, 0x0000000094f00000, 0x0000000095000000|  0%| F|  |TAMS 0x0000000094f00000| PB 0x0000000094f00000| Untracked 
| 336|0x0000000095000000, 0x0000000095000000, 0x0000000095100000|  0%| F|  |TAMS 0x0000000095000000| PB 0x0000000095000000| Untracked 
| 337|0x0000000095100000, 0x0000000095100000, 0x0000000095200000|  0%| F|  |TAMS 0x0000000095100000| PB 0x0000000095100000| Untracked 
| 338|0x0000000095200000, 0x0000000095200000, 0x0000000095300000|  0%| F|  |TAMS 0x0000000095200000| PB 0x0000000095200000| Untracked 
| 339|0x0000000095300000, 0x0000000095300000, 0x0000000095400000|  0%| F|  |TAMS 0x0000000095300000| PB 0x0000000095300000| Untracked 
| 340|0x0000000095400000, 0x0000000095400000, 0x0000000095500000|  0%| F|  |TAMS 0x0000000095400000| PB 0x0000000095400000| Untracked 
| 341|0x0000000095500000, 0x0000000095500000, 0x0000000095600000|  0%| F|  |TAMS 0x0000000095500000| PB 0x0000000095500000| Untracked 
| 342|0x0000000095600000, 0x0000000095600000, 0x0000000095700000|  0%| F|  |TAMS 0x0000000095600000| PB 0x0000000095600000| Untracked 
| 343|0x0000000095700000, 0x0000000095700000, 0x0000000095800000|  0%| F|  |TAMS 0x0000000095700000| PB 0x0000000095700000| Untracked 
| 344|0x0000000095800000, 0x0000000095800000, 0x0000000095900000|  0%| F|  |TAMS 0x0000000095800000| PB 0x0000000095800000| Untracked 
| 345|0x0000000095900000, 0x0000000095900000, 0x0000000095a00000|  0%| F|  |TAMS 0x0000000095900000| PB 0x0000000095900000| Untracked 
| 346|0x0000000095a00000, 0x0000000095a00000, 0x0000000095b00000|  0%| F|  |TAMS 0x0000000095a00000| PB 0x0000000095a00000| Untracked 
| 347|0x0000000095b00000, 0x0000000095b00000, 0x0000000095c00000|  0%| F|  |TAMS 0x0000000095b00000| PB 0x0000000095b00000| Untracked 
| 348|0x0000000095c00000, 0x0000000095c00000, 0x0000000095d00000|  0%| F|  |TAMS 0x0000000095c00000| PB 0x0000000095c00000| Untracked 
| 349|0x0000000095d00000, 0x0000000095d00000, 0x0000000095e00000|  0%| F|  |TAMS 0x0000000095d00000| PB 0x0000000095d00000| Untracked 
| 350|0x0000000095e00000, 0x0000000095e00000, 0x0000000095f00000|  0%| F|  |TAMS 0x0000000095e00000| PB 0x0000000095e00000| Untracked 
| 351|0x0000000095f00000, 0x0000000095f00000, 0x0000000096000000|  0%| F|  |TAMS 0x0000000095f00000| PB 0x0000000095f00000| Untracked 
| 352|0x0000000096000000, 0x0000000096000000, 0x0000000096100000|  0%| F|  |TAMS 0x0000000096000000| PB 0x0000000096000000| Untracked 
| 353|0x0000000096100000, 0x0000000096100000, 0x0000000096200000|  0%| F|  |TAMS 0x0000000096100000| PB 0x0000000096100000| Untracked 
| 354|0x0000000096200000, 0x0000000096200000, 0x0000000096300000|  0%| F|  |TAMS 0x0000000096200000| PB 0x0000000096200000| Untracked 
| 355|0x0000000096300000, 0x0000000096300000, 0x0000000096400000|  0%| F|  |TAMS 0x0000000096300000| PB 0x0000000096300000| Untracked 
| 356|0x0000000096400000, 0x0000000096400000, 0x0000000096500000|  0%| F|  |TAMS 0x0000000096400000| PB 0x0000000096400000| Untracked 
| 357|0x0000000096500000, 0x0000000096500000, 0x0000000096600000|  0%| F|  |TAMS 0x0000000096500000| PB 0x0000000096500000| Untracked 
| 358|0x0000000096600000, 0x0000000096600000, 0x0000000096700000|  0%| F|  |TAMS 0x0000000096600000| PB 0x0000000096600000| Untracked 
| 359|0x0000000096700000, 0x0000000096700000, 0x0000000096800000|  0%| F|  |TAMS 0x0000000096700000| PB 0x0000000096700000| Untracked 
| 360|0x0000000096800000, 0x0000000096800000, 0x0000000096900000|  0%| F|  |TAMS 0x0000000096800000| PB 0x0000000096800000| Untracked 
| 361|0x0000000096900000, 0x0000000096900000, 0x0000000096a00000|  0%| F|  |TAMS 0x0000000096900000| PB 0x0000000096900000| Untracked 
| 362|0x0000000096a00000, 0x0000000096a00000, 0x0000000096b00000|  0%| F|  |TAMS 0x0000000096a00000| PB 0x0000000096a00000| Untracked 
| 363|0x0000000096b00000, 0x0000000096b00000, 0x0000000096c00000|  0%| F|  |TAMS 0x0000000096b00000| PB 0x0000000096b00000| Untracked 
| 364|0x0000000096c00000, 0x0000000096c00000, 0x0000000096d00000|  0%| F|  |TAMS 0x0000000096c00000| PB 0x0000000096c00000| Untracked 
| 365|0x0000000096d00000, 0x0000000096d00000, 0x0000000096e00000|  0%| F|  |TAMS 0x0000000096d00000| PB 0x0000000096d00000| Untracked 
| 366|0x0000000096e00000, 0x0000000096e00000, 0x0000000096f00000|  0%| F|  |TAMS 0x0000000096e00000| PB 0x0000000096e00000| Untracked 
| 367|0x0000000096f00000, 0x0000000096f00000, 0x0000000097000000|  0%| F|  |TAMS 0x0000000096f00000| PB 0x0000000096f00000| Untracked 
| 368|0x0000000097000000, 0x0000000097000000, 0x0000000097100000|  0%| F|  |TAMS 0x0000000097000000| PB 0x0000000097000000| Untracked 
| 369|0x0000000097100000, 0x0000000097100000, 0x0000000097200000|  0%| F|  |TAMS 0x0000000097100000| PB 0x0000000097100000| Untracked 
| 370|0x0000000097200000, 0x0000000097200000, 0x0000000097300000|  0%| F|  |TAMS 0x0000000097200000| PB 0x0000000097200000| Untracked 
| 371|0x0000000097300000, 0x0000000097300000, 0x0000000097400000|  0%| F|  |TAMS 0x0000000097300000| PB 0x0000000097300000| Untracked 
| 372|0x0000000097400000, 0x0000000097400000, 0x0000000097500000|  0%| F|  |TAMS 0x0000000097400000| PB 0x0000000097400000| Untracked 
| 373|0x0000000097500000, 0x0000000097500000, 0x0000000097600000|  0%| F|  |TAMS 0x0000000097500000| PB 0x0000000097500000| Untracked 
| 374|0x0000000097600000, 0x0000000097600000, 0x0000000097700000|  0%| F|  |TAMS 0x0000000097600000| PB 0x0000000097600000| Untracked 
| 375|0x0000000097700000, 0x0000000097700000, 0x0000000097800000|  0%| F|  |TAMS 0x0000000097700000| PB 0x0000000097700000| Untracked 
| 376|0x0000000097800000, 0x0000000097800000, 0x0000000097900000|  0%| F|  |TAMS 0x0000000097800000| PB 0x0000000097800000| Untracked 
| 377|0x0000000097900000, 0x0000000097900000, 0x0000000097a00000|  0%| F|  |TAMS 0x0000000097900000| PB 0x0000000097900000| Untracked 
| 378|0x0000000097a00000, 0x0000000097a00000, 0x0000000097b00000|  0%| F|  |TAMS 0x0000000097a00000| PB 0x0000000097a00000| Untracked 
| 379|0x0000000097b00000, 0x0000000097b00000, 0x0000000097c00000|  0%| F|  |TAMS 0x0000000097b00000| PB 0x0000000097b00000| Untracked 
| 380|0x0000000097c00000, 0x0000000097c00000, 0x0000000097d00000|  0%| F|  |TAMS 0x0000000097c00000| PB 0x0000000097c00000| Untracked 
| 381|0x0000000097d00000, 0x0000000097d00000, 0x0000000097e00000|  0%| F|  |TAMS 0x0000000097d00000| PB 0x0000000097d00000| Untracked 
| 382|0x0000000097e00000, 0x0000000097e00000, 0x0000000097f00000|  0%| F|  |TAMS 0x0000000097e00000| PB 0x0000000097e00000| Untracked 
| 383|0x0000000097f00000, 0x0000000097f00000, 0x0000000098000000|  0%| F|  |TAMS 0x0000000097f00000| PB 0x0000000097f00000| Untracked 
| 384|0x0000000098000000, 0x0000000098000000, 0x0000000098100000|  0%| F|  |TAMS 0x0000000098000000| PB 0x0000000098000000| Untracked 
| 385|0x0000000098100000, 0x0000000098100000, 0x0000000098200000|  0%| F|  |TAMS 0x0000000098100000| PB 0x0000000098100000| Untracked 
| 386|0x0000000098200000, 0x0000000098200000, 0x0000000098300000|  0%| F|  |TAMS 0x0000000098200000| PB 0x0000000098200000| Untracked 
| 387|0x0000000098300000, 0x0000000098300000, 0x0000000098400000|  0%| F|  |TAMS 0x0000000098300000| PB 0x0000000098300000| Untracked 
| 388|0x0000000098400000, 0x0000000098400000, 0x0000000098500000|  0%| F|  |TAMS 0x0000000098400000| PB 0x0000000098400000| Untracked 
| 389|0x0000000098500000, 0x0000000098500000, 0x0000000098600000|  0%| F|  |TAMS 0x0000000098500000| PB 0x0000000098500000| Untracked 
| 390|0x0000000098600000, 0x0000000098600000, 0x0000000098700000|  0%| F|  |TAMS 0x0000000098600000| PB 0x0000000098600000| Untracked 
| 391|0x0000000098700000, 0x0000000098700000, 0x0000000098800000|  0%| F|  |TAMS 0x0000000098700000| PB 0x0000000098700000| Untracked 
| 392|0x0000000098800000, 0x0000000098800000, 0x0000000098900000|  0%| F|  |TAMS 0x0000000098800000| PB 0x0000000098800000| Untracked 
| 393|0x0000000098900000, 0x0000000098900000, 0x0000000098a00000|  0%| F|  |TAMS 0x0000000098900000| PB 0x0000000098900000| Untracked 
| 394|0x0000000098a00000, 0x0000000098a00000, 0x0000000098b00000|  0%| F|  |TAMS 0x0000000098a00000| PB 0x0000000098a00000| Untracked 
| 395|0x0000000098b00000, 0x0000000098b00000, 0x0000000098c00000|  0%| F|  |TAMS 0x0000000098b00000| PB 0x0000000098b00000| Untracked 
| 396|0x0000000098c00000, 0x0000000098c00000, 0x0000000098d00000|  0%| F|  |TAMS 0x0000000098c00000| PB 0x0000000098c00000| Untracked 
| 397|0x0000000098d00000, 0x0000000098d00000, 0x0000000098e00000|  0%| F|  |TAMS 0x0000000098d00000| PB 0x0000000098d00000| Untracked 
| 398|0x0000000098e00000, 0x0000000098e00000, 0x0000000098f00000|  0%| F|  |TAMS 0x0000000098e00000| PB 0x0000000098e00000| Untracked 
| 399|0x0000000098f00000, 0x0000000098f00000, 0x0000000099000000|  0%| F|  |TAMS 0x0000000098f00000| PB 0x0000000098f00000| Untracked 
| 400|0x0000000099000000, 0x0000000099000000, 0x0000000099100000|  0%| F|  |TAMS 0x0000000099000000| PB 0x0000000099000000| Untracked 
| 401|0x0000000099100000, 0x0000000099100000, 0x0000000099200000|  0%| F|  |TAMS 0x0000000099100000| PB 0x0000000099100000| Untracked 
| 402|0x0000000099200000, 0x0000000099200000, 0x0000000099300000|  0%| F|  |TAMS 0x0000000099200000| PB 0x0000000099200000| Untracked 
| 403|0x0000000099300000, 0x0000000099300000, 0x0000000099400000|  0%| F|  |TAMS 0x0000000099300000| PB 0x0000000099300000| Untracked 
| 404|0x0000000099400000, 0x0000000099400000, 0x0000000099500000|  0%| F|  |TAMS 0x0000000099400000| PB 0x0000000099400000| Untracked 
| 405|0x0000000099500000, 0x0000000099500000, 0x0000000099600000|  0%| F|  |TAMS 0x0000000099500000| PB 0x0000000099500000| Untracked 
| 406|0x0000000099600000, 0x0000000099600000, 0x0000000099700000|  0%| F|  |TAMS 0x0000000099600000| PB 0x0000000099600000| Untracked 
| 407|0x0000000099700000, 0x0000000099700000, 0x0000000099800000|  0%| F|  |TAMS 0x0000000099700000| PB 0x0000000099700000| Untracked 
| 408|0x0000000099800000, 0x0000000099800000, 0x0000000099900000|  0%| F|  |TAMS 0x0000000099800000| PB 0x0000000099800000| Untracked 
| 409|0x0000000099900000, 0x0000000099900000, 0x0000000099a00000|  0%| F|  |TAMS 0x0000000099900000| PB 0x0000000099900000| Untracked 
| 410|0x0000000099a00000, 0x0000000099a00000, 0x0000000099b00000|  0%| F|  |TAMS 0x0000000099a00000| PB 0x0000000099a00000| Untracked 
| 411|0x0000000099b00000, 0x0000000099b00000, 0x0000000099c00000|  0%| F|  |TAMS 0x0000000099b00000| PB 0x0000000099b00000| Untracked 
| 412|0x0000000099c00000, 0x0000000099c00000, 0x0000000099d00000|  0%| F|  |TAMS 0x0000000099c00000| PB 0x0000000099c00000| Untracked 
| 413|0x0000000099d00000, 0x0000000099d00000, 0x0000000099e00000|  0%| F|  |TAMS 0x0000000099d00000| PB 0x0000000099d00000| Untracked 
| 414|0x0000000099e00000, 0x0000000099e00000, 0x0000000099f00000|  0%| F|  |TAMS 0x0000000099e00000| PB 0x0000000099e00000| Untracked 
| 415|0x0000000099f00000, 0x0000000099f00000, 0x000000009a000000|  0%| F|  |TAMS 0x0000000099f00000| PB 0x0000000099f00000| Untracked 
| 416|0x000000009a000000, 0x000000009a000000, 0x000000009a100000|  0%| F|  |TAMS 0x000000009a000000| PB 0x000000009a000000| Untracked 
| 417|0x000000009a100000, 0x000000009a100000, 0x000000009a200000|  0%| F|  |TAMS 0x000000009a100000| PB 0x000000009a100000| Untracked 
| 418|0x000000009a200000, 0x000000009a200000, 0x000000009a300000|  0%| F|  |TAMS 0x000000009a200000| PB 0x000000009a200000| Untracked 
| 419|0x000000009a300000, 0x000000009a300000, 0x000000009a400000|  0%| F|  |TAMS 0x000000009a300000| PB 0x000000009a300000| Untracked 
| 420|0x000000009a400000, 0x000000009a400000, 0x000000009a500000|  0%| F|  |TAMS 0x000000009a400000| PB 0x000000009a400000| Untracked 
| 421|0x000000009a500000, 0x000000009a500000, 0x000000009a600000|  0%| F|  |TAMS 0x000000009a500000| PB 0x000000009a500000| Untracked 
| 422|0x000000009a600000, 0x000000009a600000, 0x000000009a700000|  0%| F|  |TAMS 0x000000009a600000| PB 0x000000009a600000| Untracked 
| 423|0x000000009a700000, 0x000000009a700000, 0x000000009a800000|  0%| F|  |TAMS 0x000000009a700000| PB 0x000000009a700000| Untracked 
| 424|0x000000009a800000, 0x000000009a800000, 0x000000009a900000|  0%| F|  |TAMS 0x000000009a800000| PB 0x000000009a800000| Untracked 
| 425|0x000000009a900000, 0x000000009a900000, 0x000000009aa00000|  0%| F|  |TAMS 0x000000009a900000| PB 0x000000009a900000| Untracked 
| 426|0x000000009aa00000, 0x000000009aa00000, 0x000000009ab00000|  0%| F|  |TAMS 0x000000009aa00000| PB 0x000000009aa00000| Untracked 
| 427|0x000000009ab00000, 0x000000009ab00000, 0x000000009ac00000|  0%| F|  |TAMS 0x000000009ab00000| PB 0x000000009ab00000| Untracked 
| 428|0x000000009ac00000, 0x000000009ac00000, 0x000000009ad00000|  0%| F|  |TAMS 0x000000009ac00000| PB 0x000000009ac00000| Untracked 
| 429|0x000000009ad00000, 0x000000009ad00000, 0x000000009ae00000|  0%| F|  |TAMS 0x000000009ad00000| PB 0x000000009ad00000| Untracked 
| 430|0x000000009ae00000, 0x000000009ae00000, 0x000000009af00000|  0%| F|  |TAMS 0x000000009ae00000| PB 0x000000009ae00000| Untracked 
| 431|0x000000009af00000, 0x000000009af00000, 0x000000009b000000|  0%| F|  |TAMS 0x000000009af00000| PB 0x000000009af00000| Untracked 
| 432|0x000000009b000000, 0x000000009b000000, 0x000000009b100000|  0%| F|  |TAMS 0x000000009b000000| PB 0x000000009b000000| Untracked 
| 433|0x000000009b100000, 0x000000009b100000, 0x000000009b200000|  0%| F|  |TAMS 0x000000009b100000| PB 0x000000009b100000| Untracked 
| 434|0x000000009b200000, 0x000000009b200000, 0x000000009b300000|  0%| F|  |TAMS 0x000000009b200000| PB 0x000000009b200000| Untracked 
| 435|0x000000009b300000, 0x000000009b300000, 0x000000009b400000|  0%| F|  |TAMS 0x000000009b300000| PB 0x000000009b300000| Untracked 
| 436|0x000000009b400000, 0x000000009b400000, 0x000000009b500000|  0%| F|  |TAMS 0x000000009b400000| PB 0x000000009b400000| Untracked 
| 437|0x000000009b500000, 0x000000009b500000, 0x000000009b600000|  0%| F|  |TAMS 0x000000009b500000| PB 0x000000009b500000| Untracked 
| 438|0x000000009b600000, 0x000000009b600000, 0x000000009b700000|  0%| F|  |TAMS 0x000000009b600000| PB 0x000000009b600000| Untracked 
| 439|0x000000009b700000, 0x000000009b700000, 0x000000009b800000|  0%| F|  |TAMS 0x000000009b700000| PB 0x000000009b700000| Untracked 
| 440|0x000000009b800000, 0x000000009b800000, 0x000000009b900000|  0%| F|  |TAMS 0x000000009b800000| PB 0x000000009b800000| Untracked 
| 441|0x000000009b900000, 0x000000009b900000, 0x000000009ba00000|  0%| F|  |TAMS 0x000000009b900000| PB 0x000000009b900000| Untracked 
| 442|0x000000009ba00000, 0x000000009ba00000, 0x000000009bb00000|  0%| F|  |TAMS 0x000000009ba00000| PB 0x000000009ba00000| Untracked 
| 443|0x000000009bb00000, 0x000000009bb00000, 0x000000009bc00000|  0%| F|  |TAMS 0x000000009bb00000| PB 0x000000009bb00000| Untracked 
| 444|0x000000009bc00000, 0x000000009bc00000, 0x000000009bd00000|  0%| F|  |TAMS 0x000000009bc00000| PB 0x000000009bc00000| Untracked 
| 445|0x000000009bd00000, 0x000000009bd00000, 0x000000009be00000|  0%| F|  |TAMS 0x000000009bd00000| PB 0x000000009bd00000| Untracked 
| 446|0x000000009be00000, 0x000000009be00000, 0x000000009bf00000|  0%| F|  |TAMS 0x000000009be00000| PB 0x000000009be00000| Untracked 
| 447|0x000000009bf00000, 0x000000009bf00000, 0x000000009c000000|  0%| F|  |TAMS 0x000000009bf00000| PB 0x000000009bf00000| Untracked 
| 448|0x000000009c000000, 0x000000009c000000, 0x000000009c100000|  0%| F|  |TAMS 0x000000009c000000| PB 0x000000009c000000| Untracked 
| 449|0x000000009c100000, 0x000000009c100000, 0x000000009c200000|  0%| F|  |TAMS 0x000000009c100000| PB 0x000000009c100000| Untracked 
| 450|0x000000009c200000, 0x000000009c200000, 0x000000009c300000|  0%| F|  |TAMS 0x000000009c200000| PB 0x000000009c200000| Untracked 
| 451|0x000000009c300000, 0x000000009c300000, 0x000000009c400000|  0%| F|  |TAMS 0x000000009c300000| PB 0x000000009c300000| Untracked 
| 452|0x000000009c400000, 0x000000009c400000, 0x000000009c500000|  0%| F|  |TAMS 0x000000009c400000| PB 0x000000009c400000| Untracked 
| 453|0x000000009c500000, 0x000000009c500000, 0x000000009c600000|  0%| F|  |TAMS 0x000000009c500000| PB 0x000000009c500000| Untracked 
| 454|0x000000009c600000, 0x000000009c600000, 0x000000009c700000|  0%| F|  |TAMS 0x000000009c600000| PB 0x000000009c600000| Untracked 
| 455|0x000000009c700000, 0x000000009c700000, 0x000000009c800000|  0%| F|  |TAMS 0x000000009c700000| PB 0x000000009c700000| Untracked 
| 456|0x000000009c800000, 0x000000009c800000, 0x000000009c900000|  0%| F|  |TAMS 0x000000009c800000| PB 0x000000009c800000| Untracked 
| 457|0x000000009c900000, 0x000000009c900000, 0x000000009ca00000|  0%| F|  |TAMS 0x000000009c900000| PB 0x000000009c900000| Untracked 
| 458|0x000000009ca00000, 0x000000009ca03990, 0x000000009cb00000|  1%| E|  |TAMS 0x000000009ca00000| PB 0x000000009ca00000| Complete 
| 459|0x000000009cb00000, 0x000000009cc00000, 0x000000009cc00000|100%| E|CS|TAMS 0x000000009cb00000| PB 0x000000009cb00000| Complete 
| 460|0x000000009cc00000, 0x000000009cd00000, 0x000000009cd00000|100%| E|CS|TAMS 0x000000009cc00000| PB 0x000000009cc00000| Complete 
| 461|0x000000009cd00000, 0x000000009ce00000, 0x000000009ce00000|100%| E|CS|TAMS 0x000000009cd00000| PB 0x000000009cd00000| Complete 
| 462|0x000000009ce00000, 0x000000009cf00000, 0x000000009cf00000|100%| E|CS|TAMS 0x000000009ce00000| PB 0x000000009ce00000| Complete 
| 463|0x000000009cf00000, 0x000000009d000000, 0x000000009d000000|100%| E|CS|TAMS 0x000000009cf00000| PB 0x000000009cf00000| Complete 
| 464|0x000000009d000000, 0x000000009d100000, 0x000000009d100000|100%| E|CS|TAMS 0x000000009d000000| PB 0x000000009d000000| Complete 
| 465|0x000000009d100000, 0x000000009d200000, 0x000000009d200000|100%| E|CS|TAMS 0x000000009d100000| PB 0x000000009d100000| Complete 
| 466|0x000000009d200000, 0x000000009d300000, 0x000000009d300000|100%| E|CS|TAMS 0x000000009d200000| PB 0x000000009d200000| Complete 
| 467|0x000000009d300000, 0x000000009d400000, 0x000000009d400000|100%| E|CS|TAMS 0x000000009d300000| PB 0x000000009d300000| Complete 
| 468|0x000000009d400000, 0x000000009d500000, 0x000000009d500000|100%| E|CS|TAMS 0x000000009d400000| PB 0x000000009d400000| Complete 
| 469|0x000000009d500000, 0x000000009d600000, 0x000000009d600000|100%| E|CS|TAMS 0x000000009d500000| PB 0x000000009d500000| Complete 
| 470|0x000000009d600000, 0x000000009d700000, 0x000000009d700000|100%| E|CS|TAMS 0x000000009d600000| PB 0x000000009d600000| Complete 
| 471|0x000000009d700000, 0x000000009d800000, 0x000000009d800000|100%| E|CS|TAMS 0x000000009d700000| PB 0x000000009d700000| Complete 
| 472|0x000000009d800000, 0x000000009d900000, 0x000000009d900000|100%| E|CS|TAMS 0x000000009d800000| PB 0x000000009d800000| Complete 
|2032|0x00000000ff000000, 0x00000000ff100000, 0x00000000ff100000|100%| E|CS|TAMS 0x00000000ff000000| PB 0x00000000ff000000| Complete 
|2033|0x00000000ff100000, 0x00000000ff200000, 0x00000000ff200000|100%| E|CS|TAMS 0x00000000ff100000| PB 0x00000000ff100000| Complete 
|2034|0x00000000ff200000, 0x00000000ff300000, 0x00000000ff300000|100%| O|  |TAMS 0x00000000ff200000| PB 0x00000000ff200000| Untracked 
|2035|0x00000000ff300000, 0x00000000ff400000, 0x00000000ff400000|100%| O|  |TAMS 0x00000000ff300000| PB 0x00000000ff300000| Untracked 
|2036|0x00000000ff400000, 0x00000000ff500000, 0x00000000ff500000|100%| E|CS|TAMS 0x00000000ff400000| PB 0x00000000ff400000| Complete 
|2037|0x00000000ff500000, 0x00000000ff600000, 0x00000000ff600000|100%| E|CS|TAMS 0x00000000ff500000| PB 0x00000000ff500000| Complete 
|2038|0x00000000ff600000, 0x00000000ff700000, 0x00000000ff700000|100%| E|CS|TAMS 0x00000000ff600000| PB 0x00000000ff600000| Complete 
|2039|0x00000000ff700000, 0x00000000ff800000, 0x00000000ff800000|100%| E|CS|TAMS 0x00000000ff700000| PB 0x00000000ff700000| Complete 
|2040|0x00000000ff800000, 0x00000000ff900000, 0x00000000ff900000|100%| E|CS|TAMS 0x00000000ff800000| PB 0x00000000ff800000| Complete 
|2041|0x00000000ff900000, 0x00000000ffa00000, 0x00000000ffa00000|100%| O|  |TAMS 0x00000000ff900000| PB 0x00000000ff900000| Untracked 
|2042|0x00000000ffa00000, 0x00000000ffb00000, 0x00000000ffb00000|100%| O|  |TAMS 0x00000000ffa00000| PB 0x00000000ffa00000| Untracked 
|2043|0x00000000ffb00000, 0x00000000ffc00000, 0x00000000ffc00000|100%| O|  |TAMS 0x00000000ffb00000| PB 0x00000000ffb00000| Untracked 
|2044|0x00000000ffc00000, 0x00000000ffd00000, 0x00000000ffd00000|100%| E|CS|TAMS 0x00000000ffc00000| PB 0x00000000ffc00000| Complete 
|2045|0x00000000ffd00000, 0x00000000ffe00000, 0x00000000ffe00000|100%| O|  |TAMS 0x00000000ffd00000| PB 0x00000000ffd00000| Untracked 
|2046|0x00000000ffe00000, 0x00000000fff00000, 0x00000000fff00000|100%| O|  |TAMS 0x00000000ffe00000| PB 0x00000000ffe00000| Untracked 
|2047|0x00000000fff00000, 0x0000000100000000, 0x0000000100000000|100%| O|  |TAMS 0x00000000fff00000| PB 0x00000000fff00000| Untracked 

Card table byte_map: [0x0000020469620000,0x0000020469a20000] _byte_map_base: 0x0000020469220000

Marking Bits: (CMBitMap*) 0x0000020456de6c00
 Bits: [0x0000020469a20000, 0x000002046ba20000)

Polling page: 0x0000020454b60000

Metaspace:

Usage:
  Non-class:    202.94 MB used.
      Class:     30.24 MB used.
       Both:    233.17 MB used.

Virtual space:
  Non-class space:      256.00 MB reserved,     204.44 MB ( 80%) committed,  4 nodes.
      Class space:        1.00 GB reserved,      31.69 MB (  3%) committed,  1 nodes.
             Both:        1.25 GB reserved,     236.12 MB ( 18%) committed. 

Chunk freelists:
   Non-Class:  3.28 MB
       Class:  188.00 KB
        Both:  3.46 MB

MaxMetaspaceSize: unlimited
CompressedClassSpaceSize: 1.00 GB
Initial GC threshold: 21.00 MB
Current GC threshold: 376.88 MB
CDS: off
 - commit_granule_bytes: 65536.
 - commit_granule_words: 8192.
 - virtual_space_node_default_size: 8388608.
 - enlarge_chunks_in_place: 1.
 - use_allocation_guard: 0.


Internal statistics:

num_allocs_failed_limit: 6.
num_arena_births: 5840.
num_arena_deaths: 8.
num_vsnodes_births: 5.
num_vsnodes_deaths: 0.
num_space_committed: 3775.
num_space_uncommitted: 0.
num_chunks_returned_to_freelist: 25.
num_chunks_taken_from_freelist: 15608.
num_chunk_merges: 6.
num_chunk_splits: 10826.
num_chunks_enlarged: 7439.
num_inconsistent_stats: 0.

CodeHeap 'non-profiled nmethods': size=120000Kb used=17216Kb max_used=17796Kb free=102783Kb
 bounds [0x00000204619c0000, 0x0000020462b30000, 0x0000020468ef0000]
CodeHeap 'profiled nmethods': size=120000Kb used=48456Kb max_used=48618Kb free=71543Kb
 bounds [0x0000020459ef0000, 0x000002045ce70000, 0x0000020461420000]
CodeHeap 'non-nmethods': size=5760Kb used=3379Kb max_used=3487Kb free=2380Kb
 bounds [0x0000020461420000, 0x00000204617a0000, 0x00000204619c0000]
CodeCache: size=245760Kb, used=69051Kb, max_used=69901Kb, free=176706Kb
 total_blobs=21703, nmethods=20349, adapters=1254, full_count=0
Compilation: enabled, stopped_count=0, restarted_count=0

Compilation events (20 events):
Event: 246.394 Thread 0x000002046e6bfa10 nmethod 32567 0x000002045ac06d90 code [0x000002045ac070c0, 0x000002045ac08448]
Event: 246.395 Thread 0x000002046e6bfa10 32568       3       org.gradle.internal.component.external.model.AbstractModuleComponentResolveMetadata::<init> (136 bytes)
Event: 246.397 Thread 0x000002046e6bfa10 nmethod 32568 0x000002045ac05090 code [0x000002045ac05340, 0x000002045ac069d8]
Event: 246.609 Thread 0x000002046e6be760 32569       4       com.sun.org.apache.xerces.internal.xni.XMLString::append (103 bytes)
Event: 246.613 Thread 0x000002046e6be760 nmethod 32569 0x00000204623e1410 code [0x00000204623e15c0, 0x00000204623e1918]
Event: 246.613 Thread 0x000002046e6be760 32570       4       java.util.Vector::<init> (49 bytes)
Event: 246.614 Thread 0x000002046e6bfa10 32571       1       org.gradle.internal.operations.BuildOperationDescriptor::getName (5 bytes)
Event: 246.614 Thread 0x000002046e6bfa10 nmethod 32571 0x00000204623e1010 code [0x00000204623e11a0, 0x00000204623e1268]
Event: 246.615 Thread 0x000002046e6bfa10 32572       3       org.apache.http.message.HeaderGroup::iterator (13 bytes)
Event: 246.615 Thread 0x000002046e6bfa10 nmethod 32572 0x000002045b707610 code [0x000002045b7077c0, 0x000002045b707970]
Event: 246.616 Thread 0x000002046e6be760 nmethod 32570 0x0000020462358290 code [0x0000020462358420, 0x00000204623586e8]
Event: 246.788 Thread 0x000002046e6bfa10 32573       3       java.util.Calendar::getSetStateFields (36 bytes)
Event: 246.789 Thread 0x000002046e6bfa10 nmethod 32573 0x000002045b7e9490 code [0x000002045b7e9640, 0x000002045b7e9868]
Event: 246.793 Thread 0x000002046e6bfa10 32574       1       org.gradle.internal.operations.OperationFinishEvent::getStartTime (5 bytes)
Event: 246.793 Thread 0x000002046e6bfa10 nmethod 32574 0x00000204624c6910 code [0x00000204624c6aa0, 0x00000204624c6b68]
Event: 246.794 Thread 0x000002046e6be760 32575   !   4       java.io.ObjectOutputStream::writeOrdinaryObject (196 bytes)
Event: 246.806 Thread 0x000002046e6bfa10 32576       3       java.io.File::createNewFile (44 bytes)
Event: 246.807 Thread 0x000002046e6bfa10 nmethod 32576 0x000002045bbc9810 code [0x000002045bbc9a00, 0x000002045bbc9d58]
Event: 246.811 Thread 0x000002046e6bfa10 32577       3       org.gradle.internal.serialize.kryo.KryoBackedEncoder::<init> (9 bytes)
Event: 246.811 Thread 0x000002046e6bfa10 nmethod 32577 0x000002045bf2e410 code [0x000002045bf2e5c0, 0x000002045bf2e700]

GC Heap History (20 events):
Event: 49.399 GC heap before
{Heap before GC invocations=78 (full 0):
 garbage-first heap   total 404480K, used 370140K [0x0000000080000000, 0x0000000100000000)
  region size 1024K, 136 young (139264K), 11 survivors (11264K)
 Metaspace       used 217608K, committed 220352K, reserved 1245184K
  class space    used 28929K, committed 30272K, reserved 1048576K
}
Event: 49.423 GC heap after
{Heap after GC invocations=79 (full 0):
 garbage-first heap   total 404480K, used 238265K [0x0000000080000000, 0x0000000100000000)
  region size 1024K, 6 young (6144K), 6 survivors (6144K)
 Metaspace       used 217608K, committed 220352K, reserved 1245184K
  class space    used 28929K, committed 30272K, reserved 1048576K
}
Event: 50.219 GC heap before
{Heap before GC invocations=79 (full 0):
 garbage-first heap   total 404480K, used 267961K [0x0000000080000000, 0x0000000100000000)
  region size 1024K, 37 young (37888K), 6 survivors (6144K)
 Metaspace       used 219667K, committed 222528K, reserved 1245184K
  class space    used 29146K, committed 30592K, reserved 1048576K
}
Event: 50.224 GC heap after
{Heap after GC invocations=80 (full 0):
 garbage-first heap   total 404480K, used 234668K [0x0000000080000000, 0x0000000100000000)
  region size 1024K, 4 young (4096K), 4 survivors (4096K)
 Metaspace       used 219667K, committed 222528K, reserved 1245184K
  class space    used 29146K, committed 30592K, reserved 1048576K
}
Event: 54.990 GC heap before
{Heap before GC invocations=81 (full 0):
 garbage-first heap   total 404480K, used 381100K [0x0000000080000000, 0x0000000100000000)
  region size 1024K, 142 young (145408K), 4 survivors (4096K)
 Metaspace       used 223388K, committed 226304K, reserved 1245184K
  class space    used 29524K, committed 30912K, reserved 1048576K
}
Event: 55.002 GC heap after
{Heap after GC invocations=82 (full 0):
 garbage-first heap   total 404480K, used 244944K [0x0000000080000000, 0x0000000100000000)
  region size 1024K, 14 young (14336K), 14 survivors (14336K)
 Metaspace       used 223388K, committed 226304K, reserved 1245184K
  class space    used 29524K, committed 30912K, reserved 1048576K
}
Event: 217.380 GC heap before
{Heap before GC invocations=82 (full 0):
 garbage-first heap   total 404480K, used 367824K [0x0000000080000000, 0x0000000100000000)
  region size 1024K, 134 young (137216K), 14 survivors (14336K)
 Metaspace       used 224672K, committed 227584K, reserved 1310720K
  class space    used 29710K, committed 31104K, reserved 1048576K
}
Event: 217.400 GC heap after
{Heap after GC invocations=83 (full 0):
 garbage-first heap   total 404480K, used 245517K [0x0000000080000000, 0x0000000100000000)
  region size 1024K, 4 young (4096K), 4 survivors (4096K)
 Metaspace       used 224672K, committed 227584K, reserved 1310720K
  class space    used 29710K, committed 31104K, reserved 1048576K
}
Event: 220.623 GC heap before
{Heap before GC invocations=83 (full 0):
 garbage-first heap   total 404480K, used 349965K [0x0000000080000000, 0x0000000100000000)
  region size 1024K, 108 young (110592K), 4 survivors (4096K)
 Metaspace       used 225851K, committed 228800K, reserved 1310720K
  class space    used 29819K, committed 31232K, reserved 1048576K
}
Event: 220.630 GC heap after
{Heap after GC invocations=84 (full 0):
 garbage-first heap   total 404480K, used 248728K [0x0000000080000000, 0x0000000100000000)
  region size 1024K, 7 young (7168K), 7 survivors (7168K)
 Metaspace       used 225851K, committed 228800K, reserved 1310720K
  class space    used 29819K, committed 31232K, reserved 1048576K
}
Event: 222.314 GC heap before
{Heap before GC invocations=85 (full 0):
 garbage-first heap   total 429056K, used 390040K [0x0000000080000000, 0x0000000100000000)
  region size 1024K, 129 young (132096K), 7 survivors (7168K)
 Metaspace       used 225950K, committed 228864K, reserved 1310720K
  class space    used 29819K, committed 31232K, reserved 1048576K
}
Event: 222.345 GC heap after
{Heap after GC invocations=86 (full 0):
 garbage-first heap   total 433152K, used 292477K [0x0000000080000000, 0x0000000100000000)
  region size 1024K, 17 young (17408K), 17 survivors (17408K)
 Metaspace       used 225950K, committed 228864K, reserved 1310720K
  class space    used 29819K, committed 31232K, reserved 1048576K
}
Event: 226.762 GC heap before
{Heap before GC invocations=86 (full 0):
 garbage-first heap   total 433152K, used 392829K [0x0000000080000000, 0x0000000100000000)
  region size 1024K, 115 young (117760K), 17 survivors (17408K)
 Metaspace       used 228246K, committed 231232K, reserved 1310720K
  class space    used 30036K, committed 31488K, reserved 1048576K
}
Event: 226.788 GC heap after
{Heap after GC invocations=87 (full 0):
 garbage-first heap   total 433152K, used 294751K [0x0000000080000000, 0x0000000100000000)
  region size 1024K, 10 young (10240K), 10 survivors (10240K)
 Metaspace       used 228246K, committed 231232K, reserved 1310720K
  class space    used 30036K, committed 31488K, reserved 1048576K
}
Event: 230.356 GC heap before
{Heap before GC invocations=87 (full 0):
 garbage-first heap   total 433152K, used 395103K [0x0000000080000000, 0x0000000100000000)
  region size 1024K, 109 young (111616K), 10 survivors (10240K)
 Metaspace       used 228600K, committed 231552K, reserved 1310720K
  class space    used 30077K, committed 31488K, reserved 1048576K
}
Event: 230.367 GC heap after
{Heap after GC invocations=88 (full 0):
 garbage-first heap   total 433152K, used 300279K [0x0000000080000000, 0x0000000100000000)
  region size 1024K, 6 young (6144K), 6 survivors (6144K)
 Metaspace       used 228600K, committed 231552K, reserved 1310720K
  class space    used 30077K, committed 31488K, reserved 1048576K
}
Event: 231.869 GC heap before
{Heap before GC invocations=89 (full 0):
 garbage-first heap   total 500736K, used 400631K [0x0000000080000000, 0x0000000100000000)
  region size 1024K, 104 young (106496K), 6 survivors (6144K)
 Metaspace       used 228773K, committed 231744K, reserved 1310720K
  class space    used 30064K, committed 31488K, reserved 1048576K
}
Event: 231.881 GC heap after
{Heap after GC invocations=90 (full 0):
 garbage-first heap   total 500736K, used 310816K [0x0000000080000000, 0x0000000100000000)
  region size 1024K, 13 young (13312K), 13 survivors (13312K)
 Metaspace       used 228773K, committed 231744K, reserved 1310720K
  class space    used 30064K, committed 31488K, reserved 1048576K
}
Event: 241.544 GC heap before
{Heap before GC invocations=90 (full 0):
 garbage-first heap   total 500736K, used 452128K [0x0000000080000000, 0x0000000100000000)
  region size 1024K, 150 young (153600K), 13 survivors (13312K)
 Metaspace       used 238657K, committed 241728K, reserved 1310720K
  class space    used 30961K, committed 32448K, reserved 1048576K
}
Event: 241.568 GC heap after
{Heap after GC invocations=91 (full 0):
 garbage-first heap   total 500736K, used 309723K [0x0000000080000000, 0x0000000100000000)
  region size 1024K, 19 young (19456K), 19 survivors (19456K)
 Metaspace       used 238657K, committed 241728K, reserved 1310720K
  class space    used 30961K, committed 32448K, reserved 1048576K
}

Dll operation events (3 events):
Event: 0.014 Loaded shared library C:\Program Files\Android\Android Studio\jbr\bin\java.dll
Event: 0.024 Loaded shared library C:\Program Files\Android\Android Studio\jbr\bin\zip.dll
Event: 0.731 Loaded shared library C:\Program Files\Android\Android Studio\jbr\bin\verify.dll

Deoptimization events (20 events):
Event: 241.666 Thread 0x0000020477651270 DEOPT PACKING pc=0x00000204625ea6ac sp=0x000000a19f7f5ac0
Event: 241.666 Thread 0x0000020477651270 DEOPT UNPACKING pc=0x00000204614746a2 sp=0x000000a19f7f5a78 mode 2
Event: 241.989 Thread 0x0000020477651270 Uncommon trap: trap_request=0xffffffde fr.pc=0x00000204625ea6ac relative=0x0000000000000e4c
Event: 241.989 Thread 0x0000020477651270 Uncommon trap: reason=class_check action=maybe_recompile pc=0x00000204625ea6ac method=com.google.common.cache.LocalCache$Segment.copyEntry(Lcom/google/common/cache/ReferenceEntry;Lcom/google/common/cache/ReferenceEntry;)Lcom/google/common/cache/ReferenceE
Event: 241.989 Thread 0x0000020477651270 DEOPT PACKING pc=0x00000204625ea6ac sp=0x000000a19f7f5ac0
Event: 241.989 Thread 0x0000020477651270 DEOPT UNPACKING pc=0x00000204614746a2 sp=0x000000a19f7f5a78 mode 2
Event: 241.989 Thread 0x0000020477651270 Uncommon trap: trap_request=0xffffffde fr.pc=0x00000204625ea6ac relative=0x0000000000000e4c
Event: 241.989 Thread 0x0000020477651270 Uncommon trap: reason=class_check action=maybe_recompile pc=0x00000204625ea6ac method=com.google.common.cache.LocalCache$Segment.copyEntry(Lcom/google/common/cache/ReferenceEntry;Lcom/google/common/cache/ReferenceEntry;)Lcom/google/common/cache/ReferenceE
Event: 241.989 Thread 0x0000020477651270 DEOPT PACKING pc=0x00000204625ea6ac sp=0x000000a19f7f5ac0
Event: 241.989 Thread 0x0000020477651270 DEOPT UNPACKING pc=0x00000204614746a2 sp=0x000000a19f7f5a78 mode 2
Event: 242.141 Thread 0x0000020477651270 Uncommon trap: trap_request=0xffffffde fr.pc=0x00000204625ea6ac relative=0x0000000000000e4c
Event: 242.141 Thread 0x0000020477651270 Uncommon trap: reason=class_check action=maybe_recompile pc=0x00000204625ea6ac method=com.google.common.cache.LocalCache$Segment.copyEntry(Lcom/google/common/cache/ReferenceEntry;Lcom/google/common/cache/ReferenceEntry;)Lcom/google/common/cache/ReferenceE
Event: 242.141 Thread 0x0000020477651270 DEOPT PACKING pc=0x00000204625ea6ac sp=0x000000a19f7f5ac0
Event: 242.141 Thread 0x0000020477651270 DEOPT UNPACKING pc=0x00000204614746a2 sp=0x000000a19f7f5a78 mode 2
Event: 242.324 Thread 0x0000020477651270 DEOPT PACKING pc=0x000002045c4d5bb6 sp=0x000000a19f7f3dd0
Event: 242.324 Thread 0x0000020477651270 DEOPT UNPACKING pc=0x0000020461474e42 sp=0x000000a19f7f32c8 mode 0
Event: 244.113 Thread 0x0000020477e85e60 Uncommon trap: trap_request=0xffffff45 fr.pc=0x000002046208801c relative=0x000000000000017c
Event: 244.113 Thread 0x0000020477e85e60 Uncommon trap: reason=unstable_if action=reinterpret pc=0x000002046208801c method=java.util.concurrent.locks.ReentrantLock$Sync.tryLock()Z @ 34 c2
Event: 244.113 Thread 0x0000020477e85e60 DEOPT PACKING pc=0x000002046208801c sp=0x000000a1a51fe7f0
Event: 244.113 Thread 0x0000020477e85e60 DEOPT UNPACKING pc=0x00000204614746a2 sp=0x000000a1a51fe790 mode 2

Classes loaded (20 events):
Event: 223.674 Loading class org/w3c/dom/CharacterData
Event: 223.674 Loading class org/w3c/dom/CharacterData done
Event: 223.674 Loading class org/w3c/dom/Text
Event: 223.674 Loading class org/w3c/dom/Text done
Event: 223.674 Loading class com/sun/org/apache/xerces/internal/dom/CharacterDataImpl
Event: 223.674 Loading class com/sun/org/apache/xerces/internal/dom/CharacterDataImpl done
Event: 223.674 Loading class com/sun/org/apache/xerces/internal/dom/TextImpl done
Event: 223.674 Loading class com/sun/org/apache/xerces/internal/dom/DeferredTextImpl done
Event: 223.675 Loading class com/sun/org/apache/xerces/internal/dom/CharacterDataImpl$1
Event: 223.675 Loading class com/sun/org/apache/xerces/internal/dom/CharacterDataImpl$1 done
Event: 223.700 Loading class org/w3c/dom/Comment
Event: 223.700 Loading class org/w3c/dom/Comment done
Event: 223.904 Loading class com/sun/org/apache/xerces/internal/dom/DeferredCommentImpl
Event: 223.904 Loading class com/sun/org/apache/xerces/internal/dom/CommentImpl
Event: 223.904 Loading class com/sun/org/apache/xerces/internal/dom/CommentImpl done
Event: 223.904 Loading class com/sun/org/apache/xerces/internal/dom/DeferredCommentImpl done
Event: 225.560 Loading class java/util/Collections$UnmodifiableSortedMap
Event: 225.560 Loading class java/util/Collections$UnmodifiableSortedMap done
Event: 237.462 Loading class java/util/concurrent/locks/ReentrantReadWriteLock$Sync$HoldCounter
Event: 237.462 Loading class java/util/concurrent/locks/ReentrantReadWriteLock$Sync$HoldCounter done

Classes unloaded (20 events):
Event: 17.373 Thread 0x000002046e60d140 Unloading class 0x00000001009915e8 '_BuildScript_$_run_closure1$_closure2'
Event: 17.373 Thread 0x000002046e60d140 Unloading class 0x00000001009911c8 '_BuildScript_$_run_closure1'
Event: 17.373 Thread 0x000002046e60d140 Unloading class 0x0000000100990c60 '_BuildScript_'
Event: 17.373 Thread 0x000002046e60d140 Unloading class 0x0000000100990840 'JetGradlePlugin$_apply_closure1$_closure2$_closure3'
Event: 17.373 Thread 0x000002046e60d140 Unloading class 0x0000000100990420 'JetGradlePlugin$_apply_closure1$_closure2'
Event: 17.373 Thread 0x000002046e60d140 Unloading class 0x0000000100990000 'JetGradlePlugin$_apply_closure1'
Event: 17.373 Thread 0x000002046e60d140 Unloading class 0x0000000100989300 'JetGradlePlugin'
Event: 17.373 Thread 0x000002046e60d140 Unloading class 0x0000000100989000 'RegistryProcessor'
Event: 230.743 Thread 0x000002046e60d140 Unloading class 0x0000000101e62420 '_BuildScript_$_run_closure1$_closure3'
Event: 230.743 Thread 0x000002046e60d140 Unloading class 0x0000000101e62000 '_BuildScript_$_run_closure1$_closure2'
Event: 230.743 Thread 0x000002046e60d140 Unloading class 0x0000000101e61988 '_BuildScript_$_run_closure1'
Event: 230.743 Thread 0x000002046e60d140 Unloading class 0x0000000101e61420 '_BuildScript_'
Event: 230.743 Thread 0x000002046e60d140 Unloading class 0x0000000101e61000 'JetGradlePlugin$_apply_closure1$_closure2$_closure3'
Event: 230.743 Thread 0x000002046e60d140 Unloading class 0x0000000101e609f0 'JetGradlePlugin$_apply_closure1$_closure2'
Event: 230.743 Thread 0x000002046e60d140 Unloading class 0x0000000101e605d0 'JetGradlePlugin$_apply_closure1'
Event: 230.743 Thread 0x000002046e60d140 Unloading class 0x0000000101e60300 'JetGradlePlugin'
Event: 230.743 Thread 0x000002046e60d140 Unloading class 0x0000000101e60000 'RegistryProcessor'
Event: 230.743 Thread 0x000002046e60d140 Unloading class 0x0000000101e5e988 '_BuildScript_$_run_closure1$_closure2'
Event: 230.743 Thread 0x000002046e60d140 Unloading class 0x0000000101e5e568 '_BuildScript_$_run_closure1'
Event: 230.743 Thread 0x000002046e60d140 Unloading class 0x0000000101e5e000 '_BuildScript_'

Classes redefined (0 events):
No events

Internal exceptions (20 events):
Event: 234.099 Thread 0x0000020477651270 Exception <a 'sun/nio/fs/WindowsException'{0x000000009bf5f3a0}> (0x000000009bf5f3a0) 
thrown [s\src\hotspot\share\prims\jni.cpp, line 537]
Event: 234.102 Thread 0x0000020477651270 Exception <a 'sun/nio/fs/WindowsException'{0x000000009bf68960}> (0x000000009bf68960) 
thrown [s\src\hotspot\share\prims\jni.cpp, line 537]
Event: 234.105 Thread 0x0000020477651270 Exception <a 'sun/nio/fs/WindowsException'{0x000000009bf71ff8}> (0x000000009bf71ff8) 
thrown [s\src\hotspot\share\prims\jni.cpp, line 537]
Event: 234.108 Thread 0x0000020477651270 Exception <a 'sun/nio/fs/WindowsException'{0x000000009bf7afb0}> (0x000000009bf7afb0) 
thrown [s\src\hotspot\share\prims\jni.cpp, line 537]
Event: 234.111 Thread 0x0000020477651270 Exception <a 'sun/nio/fs/WindowsException'{0x000000009bf86020}> (0x000000009bf86020) 
thrown [s\src\hotspot\share\prims\jni.cpp, line 537]
Event: 234.114 Thread 0x0000020477651270 Exception <a 'sun/nio/fs/WindowsException'{0x000000009bf8f088}> (0x000000009bf8f088) 
thrown [s\src\hotspot\share\prims\jni.cpp, line 537]
Event: 234.117 Thread 0x0000020477651270 Exception <a 'sun/nio/fs/WindowsException'{0x000000009bf99b68}> (0x000000009bf99b68) 
thrown [s\src\hotspot\share\prims\jni.cpp, line 537]
Event: 234.122 Thread 0x0000020477651270 Exception <a 'sun/nio/fs/WindowsException'{0x000000009bfbfdc8}> (0x000000009bfbfdc8) 
thrown [s\src\hotspot\share\prims\jni.cpp, line 537]
Event: 234.125 Thread 0x0000020477651270 Exception <a 'sun/nio/fs/WindowsException'{0x000000009bfc9520}> (0x000000009bfc9520) 
thrown [s\src\hotspot\share\prims\jni.cpp, line 537]
Event: 234.133 Thread 0x0000020477651270 Exception <a 'sun/nio/fs/WindowsException'{0x000000009bfd0b10}> (0x000000009bfd0b10) 
thrown [s\src\hotspot\share\prims\jni.cpp, line 537]
Event: 235.230 Thread 0x0000020477651270 Implicit null exception at 0x0000020462b03580 to 0x0000020462b04bcc
Event: 235.931 Thread 0x0000020476662cb0 Exception <a 'java/lang/NoSuchMethodError'{0x00000000996c1f78}: static Lorg/jetbrains/plugins/gradle/tooling/serialization/internal/adapter/kotlin/dsl/InternalKotlinDslScriptsModel;.<clinit>()V> (0x00000000996c1f78) 
thrown [s\src\hotspot\share\prims\jni.cpp, line 1144]
Event: 235.932 Thread 0x0000020476662cb0 Exception <a 'java/lang/NoSuchMethodError'{0x00000000996cc7f8}: static Lorg/jetbrains/plugins/gradle/tooling/serialization/internal/adapter/kotlin/dsl/InternalKotlinDslScriptModel;.<clinit>()V> (0x00000000996cc7f8) 
thrown [s\src\hotspot\share\prims\jni.cpp, line 1144]
Event: 235.963 Thread 0x0000020476662cb0 Exception <a 'java/lang/NoSuchMethodError'{0x00000000994890d8}: static Lcom/intellij/gradle/toolingExtension/impl/javaModel/manifestModel/DefaultJavaGradleManifestModel;.<clinit>()V> (0x00000000994890d8) 
thrown [s\src\hotspot\share\prims\jni.cpp, line 1144]
Event: 235.964 Thread 0x0000020476662cb0 Exception <a 'java/lang/NoSuchMethodError'{0x0000000099492490}: static Lcom/intellij/gradle/toolingExtension/impl/model/repositoryModel/DefaultProjectRepositoriesModel;.<clinit>()V> (0x0000000099492490) 
thrown [s\src\hotspot\share\prims\jni.cpp, line 1144]
Event: 236.624 Thread 0x0000020477651270 Exception <a 'sun/nio/fs/WindowsException'{0x0000000098abcd10}> (0x0000000098abcd10) 
thrown [s\src\hotspot\share\prims\jni.cpp, line 537]
Event: 236.624 Thread 0x0000020477651270 Exception <a 'sun/nio/fs/WindowsException'{0x0000000098abe3d0}> (0x0000000098abe3d0) 
thrown [s\src\hotspot\share\prims\jni.cpp, line 537]
Event: 236.625 Thread 0x0000020477651270 Exception <a 'sun/nio/fs/WindowsException'{0x0000000098abfae0}> (0x0000000098abfae0) 
thrown [s\src\hotspot\share\prims\jni.cpp, line 537]
Event: 236.625 Thread 0x0000020477651270 Exception <a 'sun/nio/fs/WindowsException'{0x0000000098ac11f0}> (0x0000000098ac11f0) 
thrown [s\src\hotspot\share\prims\jni.cpp, line 537]
Event: 237.674 Thread 0x000002047f95efd0 Exception <a 'java/lang/NoSuchMethodError'{0x00000000963d2620}: static Lorg/gradle/internal/build/event/types/NotFoundFileDownloadSuccessResult;.<clinit>()V> (0x00000000963d2620) 
thrown [s\src\hotspot\share\prims\jni.cpp, line 1144]

ZGC Phase Switch (0 events):
No events

VM Operations (20 events):
Event: 240.289 Executing VM operation: Cleanup
Event: 240.289 Executing VM operation: Cleanup done
Event: 240.495 Executing VM operation: HandshakeAllThreads (HandshakeForDeflation)
Event: 240.495 Executing VM operation: HandshakeAllThreads (HandshakeForDeflation) done
Event: 240.495 Executing VM operation: RendezvousGCThreads
Event: 240.495 Executing VM operation: RendezvousGCThreads done
Event: 241.491 Executing VM operation: Cleanup
Event: 241.491 Executing VM operation: Cleanup done
Event: 241.544 Executing VM operation: G1CollectForAllocation (G1 Evacuation Pause)
Event: 241.568 Executing VM operation: G1CollectForAllocation (G1 Evacuation Pause) done
Event: 242.583 Executing VM operation: Cleanup
Event: 242.583 Executing VM operation: Cleanup done
Event: 243.584 Executing VM operation: Cleanup
Event: 243.584 Executing VM operation: Cleanup done
Event: 244.595 Executing VM operation: Cleanup
Event: 244.596 Executing VM operation: Cleanup done
Event: 245.605 Executing VM operation: Cleanup
Event: 245.698 Executing VM operation: Cleanup done
Event: 246.708 Executing VM operation: Cleanup
Event: 246.708 Executing VM operation: Cleanup done

Memory protections (0 events):
No events

Nmethod flushes (20 events):
Event: 230.771 Thread 0x000002046e60d140 flushing  nmethod 0x000002045c83d510
Event: 230.771 Thread 0x000002046e60d140 flushing  nmethod 0x000002045c83e410
Event: 230.771 Thread 0x000002046e60d140 flushing  nmethod 0x000002045c83eb10
Event: 230.771 Thread 0x000002046e60d140 flushing  nmethod 0x000002045c83f410
Event: 230.771 Thread 0x000002046e60d140 flushing  nmethod 0x000002045c840290
Event: 230.771 Thread 0x000002046e60d140 flushing  nmethod 0x000002045c89e910
Event: 230.771 Thread 0x000002046e60d140 flushing  nmethod 0x000002045c89f490
Event: 230.771 Thread 0x000002046e60d140 flushing  nmethod 0x000002045c8a0010
Event: 230.771 Thread 0x000002046e60d140 flushing  nmethod 0x000002045c8a2390
Event: 230.771 Thread 0x000002046e60d140 flushing  nmethod 0x000002045c8a5190
Event: 230.771 Thread 0x000002046e60d140 flushing  nmethod 0x000002045c8a5790
Event: 230.771 Thread 0x000002046e60d140 flushing  nmethod 0x000002045c8a8810
Event: 230.771 Thread 0x000002046e60d140 flushing  nmethod 0x000002045c8a9990
Event: 230.771 Thread 0x000002046e60d140 flushing  nmethod 0x000002045c8ee990
Event: 230.771 Thread 0x000002046e60d140 flushing  nmethod 0x000002045c8eef10
Event: 230.771 Thread 0x000002046e60d140 flushing  nmethod 0x000002045c8ef410
Event: 230.771 Thread 0x000002046e60d140 flushing  nmethod 0x000002045c904690
Event: 230.771 Thread 0x000002046e60d140 flushing  nmethod 0x000002045c905310
Event: 230.771 Thread 0x000002046e60d140 flushing  nmethod 0x000002045c906c90
Event: 230.771 Thread 0x000002046e60d140 flushing  nmethod 0x000002045ca45a90

Events (20 events):
Event: 239.080 Thread 0x0000020477651270 Thread added: 0x0000020408f2c090
Event: 239.080 Thread 0x0000020477651270 Thread added: 0x0000020408f2c720
Event: 239.601 Thread 0x000002046e6bfa10 Thread added: 0x00000204104ba9c0
Event: 239.622 Thread 0x0000020477651270 Thread added: 0x0000020408f2cdb0
Event: 239.622 Thread 0x0000020477651270 Thread added: 0x000002047f961dc0
Event: 240.007 Thread 0x00000204104ba9c0 Thread exited: 0x00000204104ba9c0
Event: 244.100 Thread 0x0000020477651270 Thread added: 0x0000020476664d80
Event: 244.100 Thread 0x0000020477651270 Thread added: 0x0000020477e85140
Event: 244.100 Thread 0x0000020477651270 Thread added: 0x0000020477e84ab0
Event: 244.101 Thread 0x0000020477651270 Thread added: 0x0000020477e85e60
Event: 244.545 Thread 0x0000020477651270 Thread added: 0x0000020477e857d0
Event: 244.545 Thread 0x0000020477651270 Thread added: 0x000002040b193bb0
Event: 244.545 Thread 0x0000020477651270 Thread added: 0x000002040b194240
Event: 245.597 Thread 0x0000020477651270 Thread added: 0x000002040b192e90
Event: 245.597 Thread 0x0000020477651270 Thread added: 0x000002040b193520
Event: 245.597 Thread 0x0000020477651270 Thread added: 0x000002040a35dbb0
Event: 245.597 Thread 0x0000020477651270 Thread added: 0x000002040a35d520
Event: 245.597 Thread 0x0000020477651270 Thread added: 0x000002040a35c800
Event: 245.598 Thread 0x0000020477651270 Thread added: 0x000002040a35ce90
Event: 245.598 Thread 0x0000020477651270 Thread added: 0x000002040ae8e5e0


Dynamic libraries:
0x00007ff786710000 - 0x00007ff78671a000 	C:\Program Files\Android\Android Studio\jbr\bin\java.exe
0x00007ffb60330000 - 0x00007ffb60528000 	C:\Windows\SYSTEM32\ntdll.dll
0x00007ffb5e8c0000 - 0x00007ffb5e982000 	C:\Windows\System32\KERNEL32.DLL
0x00007ffb5dc20000 - 0x00007ffb5df16000 	C:\Windows\System32\KERNELBASE.dll
0x00007ffb5df20000 - 0x00007ffb5e020000 	C:\Windows\System32\ucrtbase.dll
0x00007ffb56a40000 - 0x00007ffb56a5b000 	C:\Program Files\Android\Android Studio\jbr\bin\VCRUNTIME140.dll
0x00007ffb48480000 - 0x00007ffb48498000 	C:\Program Files\Android\Android Studio\jbr\bin\jli.dll
0x00007ffb5ffb0000 - 0x00007ffb60151000 	C:\Windows\System32\USER32.dll
0x00007ffb5e320000 - 0x00007ffb5e342000 	C:\Windows\System32\win32u.dll
0x00007ffb5edb0000 - 0x00007ffb5eddb000 	C:\Windows\System32\GDI32.dll
0x00007ffb3de10000 - 0x00007ffb3e0ab000 	C:\Windows\WinSxS\amd64_microsoft.windows.common-controls_6595b64144ccf1df_6.0.19041.6456_none_60b8a6cb71f64256\COMCTL32.dll
0x00007ffb5e0a0000 - 0x00007ffb5e1b9000 	C:\Windows\System32\gdi32full.dll
0x00007ffb5e820000 - 0x00007ffb5e8be000 	C:\Windows\System32\msvcrt.dll
0x00007ffb5d9c0000 - 0x00007ffb5da5d000 	C:\Windows\System32\msvcp_win.dll
0x00007ffb5f0d0000 - 0x00007ffb5f0ff000 	C:\Windows\System32\IMM32.DLL
0x00007ffb57a50000 - 0x00007ffb57a5c000 	C:\Program Files\Android\Android Studio\jbr\bin\vcruntime140_1.dll
0x00007ffb11070000 - 0x00007ffb110fd000 	C:\Program Files\Android\Android Studio\jbr\bin\msvcp140.dll
0x00007ffaf16c0000 - 0x00007ffaf2356000 	C:\Program Files\Android\Android Studio\jbr\bin\server\jvm.dll
0x00007ffb60160000 - 0x00007ffb60211000 	C:\Windows\System32\ADVAPI32.dll
0x00007ffb5e660000 - 0x00007ffb5e6ff000 	C:\Windows\System32\sechost.dll
0x00007ffb5ede0000 - 0x00007ffb5ef00000 	C:\Windows\System32\RPCRT4.dll
0x00007ffb5e020000 - 0x00007ffb5e047000 	C:\Windows\System32\bcrypt.dll
0x00007ffb5f060000 - 0x00007ffb5f0cb000 	C:\Windows\System32\WS2_32.dll
0x00007ffb5cf00000 - 0x00007ffb5cf4b000 	C:\Windows\SYSTEM32\POWRPROF.dll
0x00007ffb46400000 - 0x00007ffb46427000 	C:\Windows\SYSTEM32\WINMM.dll
0x00007ffb55200000 - 0x00007ffb5520a000 	C:\Windows\SYSTEM32\VERSION.dll
0x00007ffb5cdc0000 - 0x00007ffb5cdd2000 	C:\Windows\SYSTEM32\UMPDC.dll
0x00007ffb5c220000 - 0x00007ffb5c232000 	C:\Windows\SYSTEM32\kernel.appcore.dll
0x00007ffb56a20000 - 0x00007ffb56a2a000 	C:\Program Files\Android\Android Studio\jbr\bin\jimage.dll
0x00007ffb5b6f0000 - 0x00007ffb5b8f1000 	C:\Windows\SYSTEM32\DBGHELP.DLL
0x00007ffb48990000 - 0x00007ffb489c4000 	C:\Windows\SYSTEM32\dbgcore.DLL
0x00007ffb5da60000 - 0x00007ffb5dae2000 	C:\Windows\System32\bcryptPrimitives.dll
0x00007ffb48420000 - 0x00007ffb4842e000 	C:\Program Files\Android\Android Studio\jbr\bin\instrument.dll
0x00007ffb49330000 - 0x00007ffb49350000 	C:\Program Files\Android\Android Studio\jbr\bin\java.dll
0x00007ffb48a60000 - 0x00007ffb48a78000 	C:\Program Files\Android\Android Studio\jbr\bin\zip.dll
0x00007ffb5f2c0000 - 0x00007ffb5fa30000 	C:\Windows\System32\SHELL32.dll
0x00007ffb5b900000 - 0x00007ffb5c0a5000 	C:\Windows\SYSTEM32\windows.storage.dll
0x00007ffb5e9f0000 - 0x00007ffb5ed44000 	C:\Windows\System32\combase.dll
0x00007ffb5d3f0000 - 0x00007ffb5d41b000 	C:\Windows\SYSTEM32\Wldp.dll
0x00007ffb60220000 - 0x00007ffb602ed000 	C:\Windows\System32\OLEAUT32.dll
0x00007ffb5e400000 - 0x00007ffb5e4ad000 	C:\Windows\System32\SHCORE.dll
0x00007ffb5f250000 - 0x00007ffb5f2ab000 	C:\Windows\System32\shlwapi.dll
0x00007ffb5d8f0000 - 0x00007ffb5d914000 	C:\Windows\SYSTEM32\profapi.dll
0x00007ffb56a00000 - 0x00007ffb56a10000 	C:\Program Files\Android\Android Studio\jbr\bin\net.dll
0x00007ffb51170000 - 0x00007ffb5127a000 	C:\Windows\SYSTEM32\WINHTTP.dll
0x00007ffb5d150000 - 0x00007ffb5d1ba000 	C:\Windows\system32\mswsock.dll
0x00007ffb3c2f0000 - 0x00007ffb3c306000 	C:\Program Files\Android\Android Studio\jbr\bin\nio.dll
0x00007ffb48460000 - 0x00007ffb48470000 	C:\Program Files\Android\Android Studio\jbr\bin\verify.dll
0x00007ffb48430000 - 0x00007ffb48457000 	C:\Users\elilt\.gradle\native\1def1411415f61bf3af743bc5b6707747c0891f09f0c88961ee8f79bc544acac\windows-amd64\native-platform.dll
0x00007ffb2b2f0000 - 0x00007ffb2b368000 	C:\Users\elilt\.gradle\native\0.2.7\x86_64-windows-gnu\gradle-fileevents.dll
0x00007ffb492d0000 - 0x00007ffb492d9000 	C:\Program Files\Android\Android Studio\jbr\bin\management.dll
0x00007ffb491b0000 - 0x00007ffb491bb000 	C:\Program Files\Android\Android Studio\jbr\bin\management_ext.dll
0x00007ffb5f2b0000 - 0x00007ffb5f2b8000 	C:\Windows\System32\PSAPI.DLL
0x00007ffb5cde0000 - 0x00007ffb5ce1b000 	C:\Windows\SYSTEM32\IPHLPAPI.DLL
0x00007ffb5f160000 - 0x00007ffb5f168000 	C:\Windows\System32\NSI.dll
0x00007ffb49320000 - 0x00007ffb49329000 	C:\Program Files\Android\Android Studio\jbr\bin\extnet.dll
0x00007ffb5d340000 - 0x00007ffb5d358000 	C:\Windows\SYSTEM32\CRYPTSP.dll
0x00007ffb5ca00000 - 0x00007ffb5ca38000 	C:\Windows\system32\rsaenh.dll
0x00007ffb5d870000 - 0x00007ffb5d89e000 	C:\Windows\SYSTEM32\USERENV.dll
0x00007ffb5d360000 - 0x00007ffb5d36c000 	C:\Windows\SYSTEM32\CRYPTBASE.dll
0x00007ffafc8c0000 - 0x00007ffafc8c7000 	C:\Windows\system32\wshunix.dll
0x00007ffb5ce20000 - 0x00007ffb5ceea000 	C:\Windows\SYSTEM32\DNSAPI.dll
0x00007ffb51c50000 - 0x00007ffb51c5a000 	C:\Windows\System32\rasadhlp.dll
0x00007ffb4f4a0000 - 0x00007ffb4f520000 	C:\Windows\System32\fwpuclnt.dll
0x00007ffb34430000 - 0x00007ffb34447000 	C:\Windows\system32\napinsp.dll
0x00007ffb365d0000 - 0x00007ffb365eb000 	C:\Windows\system32\pnrpnsp.dll
0x00007ffb56c90000 - 0x00007ffb56cad000 	C:\Windows\system32\wshbth.dll
0x00007ffb55220000 - 0x00007ffb5523d000 	C:\Windows\system32\NLAapi.dll
0x00007ffb34410000 - 0x00007ffb34422000 	C:\Windows\System32\winrnr.dll

JVMTI agents:
C:\Users\elilt\.gradle\wrapper\dists\gradle-8.13-bin\5xuhj0ry160q40clulazy9h7d\gradle-8.13\lib\agents\gradle-instrumentation-agent-8.13.jar path:C:\Program Files\Android\Android Studio\jbr\bin\instrument.dll, loaded, initialized, instrumentlib options:none

dbghelp: loaded successfully - version: 4.0.5 - missing functions: none
symbol engine: initialized successfully - sym options: 0x614 - pdb path: .;C:\Program Files\Android\Android Studio\jbr\bin;C:\Windows\SYSTEM32;C:\Windows\WinSxS\amd64_microsoft.windows.common-controls_6595b64144ccf1df_6.0.19041.6456_none_60b8a6cb71f64256;C:\Program Files\Android\Android Studio\jbr\bin\server;C:\Users\elilt\.gradle\native\1def1411415f61bf3af743bc5b6707747c0891f09f0c88961ee8f79bc544acac\windows-amd64;C:\Users\elilt\.gradle\native\0.2.7\x86_64-windows-gnu

VM Arguments:
jvm_args: --add-opens=java.base/java.lang=ALL-UNNAMED --add-opens=java.base/java.lang.invoke=ALL-UNNAMED --add-opens=java.base/java.util=ALL-UNNAMED --add-opens=java.prefs/java.util.prefs=ALL-UNNAMED --add-exports=jdk.compiler/com.sun.tools.javac.api=ALL-UNNAMED --add-exports=jdk.compiler/com.sun.tools.javac.util=ALL-UNNAMED --add-opens=java.base/java.util=ALL-UNNAMED --add-opens=java.prefs/java.util.prefs=ALL-UNNAMED --add-opens=java.base/java.nio.charset=ALL-UNNAMED --add-opens=java.base/java.net=ALL-UNNAMED --add-opens=java.base/java.util.concurrent.atomic=ALL-UNNAMED --add-opens=java.xml/javax.xml.namespace=ALL-UNNAMED -Xmx2048m -Dfile.encoding=UTF-8 -Duser.country=BR -Duser.language=pt -Duser.variant -javaagent:C:\Users\elilt\.gradle\wrapper\dists\gradle-8.13-bin\5xuhj0ry160q40clulazy9h7d\gradle-8.13\lib\agents\gradle-instrumentation-agent-8.13.jar 
java_command: org.gradle.launcher.daemon.bootstrap.GradleDaemon 8.13
java_class_path (initial): C:\Users\elilt\.gradle\wrapper\dists\gradle-8.13-bin\5xuhj0ry160q40clulazy9h7d\gradle-8.13\lib\gradle-daemon-main-8.13.jar
Launcher Type: SUN_STANDARD

[Global flags]
     intx CICompilerCount                          = 4                                         {product} {ergonomic}
     uint ConcGCThreads                            = 2                                         {product} {ergonomic}
     uint G1ConcRefinementThreads                  = 8                                         {product} {ergonomic}
   size_t G1HeapRegionSize                         = 1048576                                   {product} {ergonomic}
    uintx GCDrainStackTargetSize                   = 64                                        {product} {ergonomic}
   size_t InitialHeapSize                          = 268435456                                 {product} {ergonomic}
   size_t MarkStackSize                            = 4194304                                   {product} {ergonomic}
   size_t MaxHeapSize                              = 2147483648                                {product} {command line}
   size_t MaxNewSize                               = 1287651328                                {product} {ergonomic}
   size_t MinHeapDeltaBytes                        = 1048576                                   {product} {ergonomic}
   size_t MinHeapSize                              = 8388608                                   {product} {ergonomic}
    uintx NonNMethodCodeHeapSize                   = 5839372                                {pd product} {ergonomic}
    uintx NonProfiledCodeHeapSize                  = 122909434                              {pd product} {ergonomic}
    uintx ProfiledCodeHeapSize                     = 122909434                              {pd product} {ergonomic}
    uintx ReservedCodeCacheSize                    = 251658240                              {pd product} {ergonomic}
     bool SegmentedCodeCache                       = true                                      {product} {ergonomic}
   size_t SoftMaxHeapSize                          = 2147483648                             {manageable} {ergonomic}
     bool UseCompressedOops                        = true                           {product lp64_product} {ergonomic}
     bool UseG1GC                                  = true                                      {product} {ergonomic}
     bool UseLargePagesIndividualAllocation        = false                                  {pd product} {ergonomic}

Logging:
Log output configuration:
 #0: stdout all=warning uptime,level,tags foldmultilines=false
 #1: stderr all=off uptime,level,tags foldmultilines=false

Environment Variables:
PATH=C:\Program Files (x86)\VMware\VMware Player\bin\;C:\Windows\system32;C:\Windows;C:\Windows\System32\Wbem;C:\Windows\System32\WindowsPowerShell\v1.0\;C:\Windows\System32\OpenSSH\;C:\Program Files (x86)\Intel\Intel(R) Management Engine Components\DAL;C:\Program Files\Intel\Intel(R) Management Engine Components\DAL;C:\Program Files\Git\cmd;C:\Program Files\dotnet\;C:\Program Files (x86)\Microsoft SQL Server\150\DTS\Binn\;C:\Program Files\Azure Data Studio\bin;C:\Program Files (x86)\Microsoft SQL Server\150\Tools\Binn\;C:\Program Files\Microsoft SQL Server\150\Tools\Binn\;C:\Program Files\Microsoft SQL Server\150\DTS\Binn\;C:\Program Files\Microsoft SQL Server\Client SDK\ODBC\170\Tools\Binn\;C:\Program Files\Microsoft SQL Server\130\Tools\Binn\;C:\Program Files\PuTTY\;C:\Program Files\nodejs\;C:\Users\elilt\AppData\Local\Microsoft\WindowsApps;;C:\Users\elilt\AppData\Local\Programs\Microsoft VS Code\bin;C:\Users\elilt\.dotnet\tools;C:\Program Files\Azure Data Studio\bin;C:\Users\elilt\AppData\Roaming\npm
USERNAME=elilt
OS=Windows_NT
PROCESSOR_IDENTIFIER=Intel64 Family 6 Model 142 Stepping 12, GenuineIntel
TMP=C:\Users\elilt\AppData\Local\Temp
TEMP=C:\Users\elilt\AppData\Local\Temp




Periodic native trim disabled

JNI global refs:
JNI global refs: 28, weak refs: 1

JNI global refs memory usage: 835, weak refs: 833

Process memory usage:
Resident Set Size: 1032012K (6% of 16650052K total physical memory with 939672K free physical memory)

OOME stack traces (most recent first):
Classloader memory used:
Loader org.gradle.internal.classloader.VisitableURLClassLoader                         : 118M
Loader org.gradle.internal.classloader.VisitableURLClassLoader$InstrumentingVisitableURLClassLoader: 41695K
Loader bootstrap                                                                       : 37387K
Loader org.gradle.initialization.MixInLegacyTypesClassLoader                           : 15115K
Loader org.gradle.internal.classloader.VisitableURLClassLoader                         : 12292K
Loader jdk.internal.loader.ClassLoaders$AppClassLoader                                 : 8110K
Loader jdk.internal.loader.ClassLoaders$PlatformClassLoader                            : 1031K
Loader jdk.internal.reflect.DelegatingClassLoader                                      : 739K
Loader jdk.internal.jrtfs.JrtFileSystemProvider$JrtFsLoader                            : 351K
Loader org.gradle.groovy.scripts.internal.DefaultScriptCompilationHandler$ScriptClassLoader: 163K
Loader org.codehaus.groovy.runtime.callsite.CallSiteClassLoader                        : 56096B
Loader sun.reflect.misc.MethodUtil                                                     : 2984B


[error occurred during error reporting (Classloader stats), id 0xe0000001, Out of Memory Error (s\src\hotspot\share\memory\arena.cpp:168)]
---------------  S Y S T E M  ---------------

OS:
 Windows 10 , 64 bit Build 19041 (10.0.19041.5915)
OS uptime: 3 days 21:55 hours

CPU: total 8 (initial active 8) (4 cores per cpu, 2 threads per core) family 6 model 142 stepping 12 microcode 0xf8, cx8, cmov, fxsr, ht, mmx, 3dnowpref, sse, sse2, sse3, ssse3, sse4.1, sse4.2, popcnt, lzcnt, tsc, tscinvbit, avx, avx2, aes, erms, clmul, bmi1, bmi2, adx, fma, vzeroupper, clflush, clflushopt, rdtscp, f16c
Processor Information for the first 8 processors :
  Max Mhz: 1800, Current Mhz: 1600, Mhz Limit: 1584

Memory: 4k page, system-wide physical 16259M (915M free)
TotalPageFile size 30013M (AvailPageFile size 0M)
current process WorkingSet (physical memory assigned to process): 1009M, peak: 1032M
current process commit charge ("private bytes"): 1042M, peak: 1067M

vm_info: OpenJDK 64-Bit Server VM (21.0.8+-14196175-b1038.72) for windows-amd64 JRE (21.0.8+-14196175-b1038.72), built on 2025-10-01T10:24:33Z by "builder" with MS VC++ 16.10 / 16.11 (VS2019)

END.
